circuitId,country,name,lat,lng,alt,location,date,time,year,locationModified,tempmax,tempmin,temp,feelslikemax,feelslikemin,feelslike,dew,humidity,precip,precipprob,precipcover,preciptype,snow,snowdepth,windgust,windspeed,winddir,sealevelpressure,cloudcover,visibility,solarradiation,solarenergy,uvindex,severerisk,conditions,description,icon,stations
1,Australia,Albert Park Grand Prix Circuit,-37.8497,144.968,10,Melbourne,2012-03-18,6:00:00,2012,Melbourne%20Australia,20.9,10.4,16.2,20.9,10.4,16.2,11.9,77.2,0.1,100.0,4.17,rain,,,,22.5,174.2,1023.9,53.9,17.1,248.6,21.3,8.0,,"Rain, Partially cloudy",Partly cloudy throughout the day with morning rain.,rain,"YMAV,95874099999,94866099999,95867099999,94895599999,94865099999,YMML,94864099999,94870099999"
1,Australia,Albert Park Grand Prix Circuit,-37.8497,144.968,10,Melbourne,2013-03-17,6:00:00,2013,Melbourne%20Australia,17.0,10.4,13.5,17.0,10.4,13.5,7.4,68.0,8.655,100.0,12.5,rain,,,50.0,35.3,193.9,1022.6,79.7,15.4,257.2,22.3,9.0,,"Rain, Partially cloudy",Partly cloudy throughout the day with rain.,rain,"YMAV,95874099999,94866099999,95867099999,94895599999,95866099999,94865099999,YMML,94864099999,94870099999"
1,Australia,Albert Park Grand Prix Circuit,-37.8497,144.968,10,Melbourne,2014-03-16,6:00:00,2014,Melbourne%20Australia,19.6,11.9,15.2,19.6,11.9,15.2,6.7,58.8,0.406,100.0,8.33,rain,,,,36.8,299.2,1005.8,58.3,12.2,139.5,12.1,7.0,,"Rain, Partially cloudy",Partly cloudy throughout the day with rain.,rain,"948,980,999,999,587,000,000,000,000,000,000,000,000,000,000,000,000,000,000,000,000,000,000,000,000,000,000,000,000,000,000,000,000"
1,Australia,Albert Park Grand Prix Circuit,-37.8497,144.968,10,Melbourne,2015-03-15,5:00:00,2015,Melbourne%20Australia,18.7,13.7,15.6,18.7,13.7,15.6,9.0,65.7,1.925,100.0,8.33,rain,0.0,0.0,42.1,31.2,179.0,1016.5,66.6,11.3,228.6,19.8,9.0,,"Rain, Partially cloudy",Partly cloudy throughout the day with rain.,rain,"958,740,999,999,486,000,000,000,000,000,000,000,000,000,000,000,000,000,000,000,000,000"
1,Australia,Albert Park Grand Prix Circuit,-37.8497,144.968,10,Melbourne,2016-03-20,5:00:00,2016,Melbourne%20Australia,22.3,10.3,16.6,22.3,10.3,16.6,8.5,61.1,0.178,100.0,4.17,rain,0.0,0.0,37.8,15.0,143.6,1019.6,33.6,10.0,232.5,20.1,8.0,,"Rain, Partially cloudy",Partly cloudy throughout the day with early morning rain.,rain,"958,740,999,999,486,000,000,000,000,000,000,000,000,000,000,000,000,000,000,000,000,000"
1,Australia,Albert Park Grand Prix Circuit,-37.8497,144.968,10,Melbourne,2017-03-26,5:00:00,2017,Melbourne%20Australia,24.9,19.3,21.2,24.9,19.3,21.2,17.2,78.3,0.0,0.0,0.0,,0.0,0.0,23.4,13.1,198.6,1013.4,63.3,10.0,156.5,13.4,6.0,,Partially cloudy,Partly cloudy throughout the day.,partly-cloudy-day,"958,740,999,999,486,000,000,000,000,000,000,000,000,000,000,000,000,000,000,000,000,000"
1,Australia,Albert Park Grand Prix Circuit,-37.8497,144.968,10,Melbourne,2018-03-25,5:10:00,2018,Melbourne%20Australia,24.7,12.1,21.0,24.7,12.1,21.0,11.4,56.8,1.069,100.0,8.33,rain,0.0,0.0,73.8,25.2,324.9,1000.8,74.0,9.9,190.5,16.6,8.0,,"Rain, Partially cloudy",Partly cloudy throughout the day with rain.,rain,"95874099999,D6954,94866099999,95936099999,C8667,95866099999,94865099999,94864099999"
1,Australia,Albert Park Grand Prix Circuit,-37.8497,144.968,10,Melbourne,2019-03-17,5:10:00,2019,Melbourne%20Australia,25.0,15.6,19.8,25.0,15.6,19.8,16.2,81.4,0.0,0.0,0.0,,0.0,0.0,33.1,15.2,213.4,1017.4,23.6,9.6,232.7,20.1,8.0,,Partially cloudy,Clearing in the afternoon.,partly-cloudy-day,"95874099999,D6954,94866099999,95936099999,95866099999,94865099999,94864099999"
1,Australia,Albert Park Grand Prix Circuit,-37.8497,144.968,10,Melbourne,2022-04-10,5:00:00,2022,Melbourne%20Australia,26.5,16.6,21.3,26.5,16.6,21.3,13.7,63.4,0.0,0.0,0.0,,0.0,0.0,46.1,24.3,354.1,1017.0,44.7,12.8,177.7,15.3,7.0,10.0,Partially cloudy,Partly cloudy throughout the day.,partly-cloudy-day,"95874099999,94866099999,95936099999,95866099999,94865099999,F0862,94864099999"
1,Australia,Albert Park Grand Prix Circuit,-37.8497,144.968,10,Melbourne,2023-04-02,5:00:00,2023,Melbourne%20Australia,18.1,8.5,13.6,18.1,8.5,13.6,7.7,68.7,0.0,0.0,0.0,rain,0.0,0.0,18.4,12.6,159.3,1020.5,17.8,17.4,209.0,18.7,7.0,10.0,Clear,Clear conditions throughout the day.,clear-day,"95874099999,D6954,94866099999,95936099999,95866099999,94865099999,94864099999"
1,Australia,Albert Park Grand Prix Circuit,-37.8497,144.968,10,Melbourne,2024-03-24,4:00:00,2024,Melbourne%20Australia,21.7,11.9,16.2,21.7,11.9,16.2,8.3,60.3,0.024,100.0,4.17,rain,0.0,0.0,19.1,13.4,237.1,1022.9,27.2,16.0,164.9,14.1,8.0,10.0,"Rain, Partially cloudy",Partly cloudy throughout the day with morning rain.,rain,"C9254,95874099999,94866099999,95936099999,C7520,95866099999,94865099999,94864099999"
2,Malaysia,Sepang International Circuit,2.76083,101.738,18,Kuala Lumpur,2012-03-25,8:00:00,2012,Kuala%20Lumpur%20Malaysia,32.0,25.9,29.0,40.6,25.9,34.3,25.3,81.1,0.348,100.0,4.17,rain,,,,16.6,286.1,1010.5,89.0,9.4,68.5,5.8,2.0,,"Rain, Partially cloudy",Partly cloudy throughout the day with late afternoon rain.,rain,"48647099999,48650099999,WMSA,WMKK"
2,Malaysia,Sepang International Circuit,2.76083,101.738,18,Kuala Lumpur,2013-03-24,8:00:00,2013,Kuala%20Lumpur%20Malaysia,32.0,25.1,27.7,41.7,25.1,30.9,25.5,87.9,22.19,100.0,8.33,rain,,,,12.1,339.2,1008.6,89.7,8.4,203.2,17.7,7.0,,"Rain, Partially cloudy",Partly cloudy throughout the day with rain.,rain,"48647099999,48650099999,WMSA,WMKK"
2,Malaysia,Sepang International Circuit,2.76083,101.738,18,Kuala Lumpur,2014-03-30,8:00:00,2014,Kuala%20Lumpur%20Malaysia,34.7,24.0,28.2,41.4,24.0,31.1,23.9,79.4,4.62,100.0,8.33,rain,,,,17.3,153.6,1008.4,88.6,9.5,253.1,21.7,9.0,,"Rain, Partially cloudy",Partly cloudy throughout the day with rain.,rain,"48647099999,48650099999,WMSA,WMKK"
2,Malaysia,Sepang International Circuit,2.76083,101.738,18,Kuala Lumpur,2015-03-29,7:00:00,2015,Kuala%20Lumpur%20Malaysia,35.0,24.2,28.2,41.7,24.2,30.6,23.8,79.0,0.0,0.0,0.0,,0.0,0.0,27.7,21.1,221.0,1009.7,89.4,8.6,248.1,21.2,9.0,,Partially cloudy,Partly cloudy throughout the day.,partly-cloudy-day,"48647099999,48650099999,WMSA,WMKK"
2,Malaysia,Sepang International Circuit,2.76083,101.738,18,Kuala Lumpur,2016-10-02,7:00:00,2016,Kuala%20Lumpur%20Malaysia,34.0,25.0,29.0,39.2,25.0,31.9,23.3,73.1,0.177,100.0,4.17,rain,0.0,0.0,42.5,20.1,306.1,1009.9,89.0,9.4,273.3,23.6,10.0,,"Rain, Partially cloudy",Partly cloudy throughout the day with late afternoon rain.,rain,"48647099999,48650099999,WMSA,WMKK"
2,Malaysia,Sepang International Circuit,2.76083,101.738,18,Kuala Lumpur,2017-10-01,7:00:00,2017,Kuala%20Lumpur%20Malaysia,30.9,25.1,27.8,36.4,25.1,30.3,23.9,80.4,0.0,0.0,0.0,,0.0,0.0,26.3,12.3,303.5,1010.9,57.3,10.0,207.8,17.9,8.0,,Partially cloudy,Partly cloudy throughout the day.,partly-cloudy-day,"48647099999,48650099999,WMSA,WMKK"
3,Bahrain,Bahrain International Circuit,26.0325,50.5106,7,Sakhir,2012-04-22,12:00:00,2012,Sakhir%20Bahrain,28.1,22.9,25.4,27.2,22.9,25.2,12.2,44.6,0.0,0.0,0.0,,,,,39.9,319.1,1009.9,22.6,9.3,221.3,19.2,8.0,,Partially cloudy,Partly cloudy throughout the day.,partly-cloudy-day,"OEDR,41150099999,40416099999,OBBI"
3,Bahrain,Bahrain International Circuit,26.0325,50.5106,7,Sakhir,2013-04-21,12:00:00,2013,Sakhir%20Bahrain,32.2,24.9,27.6,31.3,24.9,27.3,13.1,42.3,0.0,0.0,0.0,,,,,38.7,323.5,1004.4,17.4,10.2,280.2,24.3,9.0,,Clear,Clear conditions throughout the day.,clear-day,"OEDR,41150099999,40416099999,41160099999,OEDF,OBBI"
3,Bahrain,Bahrain International Circuit,26.0325,50.5106,7,Sakhir,2014-04-06,15:00:00,2014,Sakhir%20Bahrain,26.1,20.8,23.2,26.1,20.8,23.2,10.7,45.9,0.0,0.0,0.0,,,,,31.5,318.7,1018.2,0.0,11.8,323.2,27.9,10.0,,Clear,Clear conditions throughout the day.,clear-day,"OEDR,41150099999,40416099999,OBBI"
3,Bahrain,Bahrain International Circuit,26.0325,50.5106,7,Sakhir,2015-04-19,15:00:00,2015,Sakhir%20Bahrain,28.3,23.8,25.4,27.7,23.8,25.3,13.6,48.4,0.0,0.0,0.0,,0.0,0.0,42.1,40.4,318.2,1012.2,0.0,9.8,316.1,27.3,10.0,,Clear,Clear conditions throughout the day.,clear-day,"OEDR,41150099999,40416099999,OBBI"
3,Bahrain,Bahrain International Circuit,26.0325,50.5106,7,Sakhir,2016-04-03,15:00:00,2016,Sakhir%20Bahrain,26.1,17.8,21.7,26.1,17.8,21.7,7.1,44.4,0.0,0.0,0.0,,0.0,0.0,20.2,19.1,306.8,1017.3,29.4,10.6,290.1,25.0,10.0,,Partially cloudy,Partly cloudy throughout the day.,partly-cloudy-day,"OEDR,41150099999,40416099999,41160099999,OEDF,OBBI"
3,Bahrain,Bahrain International Circuit,26.0325,50.5106,7,Sakhir,2017-04-16,15:00:00,2017,Sakhir%20Bahrain,29.1,25.0,26.7,30.4,25.0,27.4,18.9,62.5,0.0,0.0,0.0,,0.0,0.0,57.6,40.9,325.0,1008.8,42.1,9.5,289.5,25.1,9.0,,Partially cloudy,Partly cloudy throughout the day.,partly-cloudy-day,"OEDR,41150099999,40416099999,OBBI"
3,Bahrain,Bahrain International Circuit,26.0325,50.5106,7,Sakhir,2018-04-08,15:10:00,2018,Sakhir%20Bahrain,28.1,24.0,26.1,28.9,24.0,26.3,18.1,61.9,0.3,100.0,8.33,rain,0.0,0.0,26.3,17.9,2.9,1010.9,25.9,7.1,249.6,21.6,9.0,,"Rain, Partially cloudy",Partly cloudy throughout the day with morning rain.,rain,"OEDR,41150099999,40416099999,OBBI"
3,Bahrain,Bahrain International Circuit,26.0325,50.5106,7,Sakhir,2019-03-31,15:10:00,2019,Sakhir%20Bahrain,26.9,21.0,24.0,27.4,21.0,24.0,17.6,67.8,0.0,0.0,0.0,,0.0,0.0,59.8,40.6,86.5,1008.4,42.9,10.2,255.4,22.2,9.0,,Partially cloudy,Partly cloudy throughout the day.,partly-cloudy-day,"OEDR,41150099999,40416099999,OBBI"
3,Bahrain,Bahrain International Circuit,26.0325,50.5106,7,Sakhir,2020-11-29,14:10:00,2020,Sakhir%20Bahrain,28.1,23.6,25.0,28.9,23.6,25.1,18.5,67.9,0.2,100.0,8.33,rain,0.0,0.0,31.7,19.1,138.0,1016.4,32.4,10.6,137.8,11.8,5.0,,"Rain, Partially cloudy",Clearing in the afternoon with early morning rain.,rain,"OEDR,41150099999,40416099999,OBBI"
3,Bahrain,Bahrain International Circuit,26.0325,50.5106,7,Sakhir,2020-12-06,17:10:00,2020,Sakhir%20Bahrain,27.0,19.9,23.7,27.7,19.9,23.7,17.9,71.5,0.6,100.0,16.67,rain,0.0,0.0,44.6,35.0,263.2,1012.1,39.4,8.3,141.9,12.3,5.0,,"Rain, Partially cloudy",Partly cloudy throughout the day with rain in the morning and afternoon.,rain,"OEDR,41150099999,40416099999,41160099999,OEDF,OBBI"
3,Bahrain,Bahrain International Circuit,26.0325,50.5106,7,Sakhir,2021-03-28,15:00:00,2021,Sakhir%20Bahrain,23.8,20.0,21.8,23.8,20.0,21.8,11.7,52.8,0.0,0.0,0.0,,0.0,0.0,65.5,49.7,328.6,1015.5,0.0,9.5,281.1,24.5,9.0,,Clear,Clear conditions throughout the day.,wind,"OEDR,41150099999,40416099999,OBBI"
3,Bahrain,Bahrain International Circuit,26.0325,50.5106,7,Sakhir,2022-03-20,15:00:00,2022,Sakhir%20Bahrain,25.2,16.4,21.2,25.2,16.4,21.2,8.8,47.2,0.0,0.0,0.0,,0.0,0.0,35.3,33.2,312.6,1012.6,0.8,11.5,280.6,24.1,9.0,10.0,Clear,Clear conditions throughout the day.,clear-day,"OEDR,41150099999,40416099999,WLPI,OBBI"
3,Bahrain,Bahrain International Circuit,26.0325,50.5106,7,Sakhir,2023-03-05,15:00:00,2023,Sakhir%20Bahrain,29.1,20.9,25.3,27.8,20.9,24.9,9.4,38.7,0.0,0.0,0.0,,0.0,0.0,21.6,14.6,154.8,1018.8,1.5,10.9,244.0,21.1,8.0,10.0,Clear,Clear conditions throughout the day.,clear-day,"OEDR,41150099999,40416099999,OBBI"
3,Bahrain,Bahrain International Circuit,26.0325,50.5106,7,Sakhir,2024-03-02,15:00:00,2024,Sakhir%20Bahrain,20.1,15.8,17.7,20.1,15.8,17.7,6.1,47.3,0.0,0.0,0.0,,0.0,0.0,25.9,20.3,328.0,1018.8,79.9,11.2,229.1,19.7,8.0,10.0,Partially cloudy,Partly cloudy throughout the day.,partly-cloudy-day,"OEDR,41150099999,40416099999,OBBI"
4,Spain,Circuit de Barcelona-Catalunya,41.57,2.26111,109,Montmeló,2012-05-13,12:00:00,2012,Montmeló%20Spain,22.9,17.9,20.2,22.9,17.9,20.2,15.4,74.4,1.573,100.0,12.5,rain,,,,22.9,115.6,1019.5,46.8,12.6,243.2,21.1,8.0,,"Rain, Partially cloudy",Partly cloudy throughout the day with rain.,rain,"LEBL,LEGE,08184099999,LELL,08181099999,08176399999"
4,Spain,Circuit de Barcelona-Catalunya,41.57,2.26111,109,Montmeló,2013-05-12,12:00:00,2013,Montmeló%20Spain,19.0,14.0,16.3,19.0,14.0,16.3,10.8,70.9,0.613,100.0,4.17,rain,,,53.6,22.1,137.6,1020.8,53.9,12.5,300.6,25.9,9.0,,"Rain, Partially cloudy",Partly cloudy throughout the day with morning rain.,rain,"LEBL,LEGE,08184099999,LELL,08181099999,08176399999"
4,Spain,Circuit de Barcelona-Catalunya,41.57,2.26111,109,Montmeló,2014-05-11,12:00:00,2014,Montmeló%20Spain,24.8,15.8,19.0,24.8,15.8,19.0,14.0,74.7,0.1,100.0,8.33,rain,,,38.9,23.8,125.8,1016.8,42.4,11.5,245.5,21.0,9.0,,"Rain, Partially cloudy",Partly cloudy throughout the day with rain clearing later.,rain,"LEBL,LEGE,08184099999,LELL,08181099999,08176399999"
4,Spain,Circuit de Barcelona-Catalunya,41.57,2.26111,109,Montmeló,2015-05-10,12:00:00,2015,Montmeló%20Spain,28.9,15.2,21.2,28.3,15.2,21.1,14.0,68.0,0.0,0.0,0.0,,0.0,0.0,36.4,21.2,217.4,1023.9,36.5,11.6,301.8,26.0,9.0,,Partially cloudy,Partly cloudy throughout the day.,partly-cloudy-day,"LEBL,LEGE,08184099999,LELL,08181099999,08176399999"
4,Spain,Circuit de Barcelona-Catalunya,41.57,2.26111,109,Montmeló,2016-05-15,12:00:00,2016,Montmeló%20Spain,22.8,13.6,18.0,22.8,13.6,18.0,13.0,74.2,0.0,0.0,0.0,,0.0,0.0,31.7,22.7,115.3,1017.2,30.9,13.3,251.1,21.7,8.0,,Partially cloudy,Partly cloudy throughout the day.,partly-cloudy-day,"LEBL,LEGE,08184099999,LELL,08181099999,08176399999"
4,Spain,Circuit de Barcelona-Catalunya,41.57,2.26111,109,Montmeló,2017-05-14,12:00:00,2017,Montmeló%20Spain,24.0,15.2,20.0,24.0,15.2,20.0,11.7,60.4,0.0,0.0,0.0,,0.0,0.0,27.4,19.9,120.0,1022.4,40.6,12.1,270.3,23.5,8.0,,Partially cloudy,Clearing in the afternoon.,partly-cloudy-day,"08184099999,LELL,08181099999,08176399999"
4,Spain,Circuit de Barcelona-Catalunya,41.57,2.26111,109,Montmeló,2018-05-13,13:10:00,2018,Montmeló%20Spain,16.6,9.4,12.9,16.6,8.3,12.8,8.3,74.4,28.709,100.0,66.67,rain,0.0,0.0,36.4,17.5,199.0,1015.1,64.4,11.7,172.0,14.9,9.0,,"Rain, Partially cloudy",Partly cloudy throughout the day with a chance of rain throughout the day.,rain,"D1298,08186099999,08180099999,08184099999,LELL,08181099999,08176399999"
4,Spain,Circuit de Barcelona-Catalunya,41.57,2.26111,109,Montmeló,2019-05-12,13:10:00,2019,Montmeló%20Spain,21.5,10.5,16.1,21.5,10.5,16.1,10.3,70.8,0.0,0.0,0.0,,0.0,0.0,29.9,21.7,129.0,1022.0,19.8,11.3,302.8,26.3,9.0,,Clear,Clear conditions throughout the day.,clear-day,"D1298,08186099999,08180099999,08184099999,LELL,08181099999,08176399999"
4,Spain,Circuit de Barcelona-Catalunya,41.57,2.26111,109,Montmeló,2020-08-16,13:10:00,2020,Montmeló%20Spain,28.9,20.5,25.1,31.3,20.5,25.9,20.3,75.7,0.0,0.0,0.0,,0.0,0.0,31.3,20.1,107.1,1011.2,45.6,10.9,239.5,20.6,8.0,,Partially cloudy,Partly cloudy throughout the day.,partly-cloudy-day,"D1298,08186099999,08180099999,AR110,08184099999,LELL,08181099999,08176399999"
4,Spain,Circuit de Barcelona-Catalunya,41.57,2.26111,109,Montmeló,2021-05-09,13:00:00,2021,Montmeló%20Spain,22.3,12.2,17.5,22.3,12.2,17.5,13.3,76.9,0.0,0.0,0.0,,0.0,0.0,30.6,18.4,81.2,1009.9,61.8,10.5,200.4,17.1,6.0,,Partially cloudy,Partly cloudy throughout the day.,partly-cloudy-day,"D1298,08186099999,08180099999,08184099999,LELL,08181099999,08176399999"
4,Spain,Circuit de Barcelona-Catalunya,41.57,2.26111,109,Montmeló,2022-05-22,13:00:00,2022,Montmeló%20Spain,35.3,17.1,26.1,32.9,17.1,25.1,8.2,38.5,0.0,0.0,0.0,,0.0,0.0,35.6,27.9,228.8,1012.3,2.3,11.5,291.3,25.3,8.0,,Clear,Clear conditions throughout the day.,clear-day,"D1298,08184099999,LELL,08181099999,08176399999"
4,Spain,Circuit de Barcelona-Catalunya,41.57,2.26111,109,Montmeló,2023-06-04,13:00:00,2023,Montmeló%20Spain,24.8,15.1,19.5,24.8,15.1,19.5,14.6,74.1,0.0,0.0,0.0,,0.0,0.0,29.9,20.7,148.2,1015.0,49.0,11.3,245.8,21.1,9.0,,Partially cloudy,Becoming cloudy in the afternoon.,partly-cloudy-day,"D1298,08184099999,E9530,LELL,08181099999,08176399999"
4,Spain,Circuit de Barcelona-Catalunya,41.57,2.26111,109,Montmeló,2024-06-23,13:00:00,2024,Montmeló%20Spain,24.9,20.5,23.0,0.0,0.0,29.9,16.4,68.3,0.0,0.0,0.0,,,,16.9,15.5,200.2,1017.8,19.9,14.4,,,,,Clear,,clear-day,
5,Turkey,Istanbul Park,40.9517,29.405,130,Istanbul,2020-11-15,10:10:00,2020,Istanbul%20Turkey,13.1,9.7,11.8,13.1,9.3,11.8,9.5,86.2,3.479,100.0,8.33,rain,0.0,0.0,,13.7,7.7,1023.7,79.3,12.0,,,,,"Rain, Partially cloudy",Partly cloudy throughout the day with rain in the morning and afternoon.,rain,"LTBA,17063099999,17061099999,17064099999,17059099999,17060099999"
5,Turkey,Istanbul Park,40.9517,29.405,130,Istanbul,2021-10-10,12:00:00,2021,Istanbul%20Turkey,17.0,15.8,16.3,17.0,15.8,16.3,14.2,87.4,0.09,100.0,4.17,rain,0.0,0.0,37.3,24.3,37.7,1021.4,87.8,10.2,,,,,"Rain, Partially cloudy",Partly cloudy throughout the day with early morning rain.,rain,"LTBA,17063099999,17061099999,17064099999,17059099999,17060099999"
6,Monaco,Circuit de Monaco,43.7347,7.42056,7,Monte-Carlo,2012-05-27,12:00:00,2012,Monte-Carlo%20Monaco,20.9,16.5,18.4,20.9,16.5,18.4,14.2,76.9,3.314,100.0,25.0,rain,,,31.7,22.7,9.9,1017.0,64.6,19.9,112.7,9.7,3.0,,"Rain, Partially cloudy",Partly cloudy throughout the day with rain.,rain,"07684099999,LFMD,07690099999,16153099999,LFMN"
6,Monaco,Circuit de Monaco,43.7347,7.42056,7,Monte-Carlo,2013-05-26,12:00:00,2013,Monte-Carlo%20Monaco,17.5,10.3,14.4,17.5,10.3,14.4,5.4,55.5,0.0,0.0,0.0,,0.0,0.0,33.5,19.1,57.4,1011.7,8.1,38.7,,,,,Clear,Clear conditions throughout the day.,clear-day,"07684099999,LFMD,07690099999,16153099999,LFMN"
6,Monaco,Circuit de Monaco,43.7347,7.42056,7,Monte-Carlo,2014-05-25,12:00:00,2014,Monte-Carlo%20Monaco,20.3,13.1,17.3,20.3,13.1,17.3,9.3,59.7,0.0,0.0,0.0,,,,29.5,24.1,272.8,1017.1,70.2,34.8,175.8,15.1,5.0,,Partially cloudy,Partly cloudy throughout the day.,partly-cloudy-day,"07684099999,LFMD,07690099999,16153099999,LFMN"
6,Monaco,Circuit de Monaco,43.7347,7.42056,7,Monte-Carlo,2015-05-24,12:00:00,2015,Monte-Carlo%20Monaco,19.6,15.9,18.0,19.6,15.9,18.0,11.5,66.0,0.056,100.0,4.17,rain,0.0,0.0,23.2,15.9,162.6,1014.7,86.4,25.6,194.4,16.9,6.0,,"Rain, Partially cloudy",Partly cloudy throughout the day with early morning rain.,rain,"07684099999,LFMD,07690099999,16153099999,LFMN"
6,Monaco,Circuit de Monaco,43.7347,7.42056,7,Monte-Carlo,2016-05-29,12:00:00,2016,Monte-Carlo%20Monaco,22.1,16.2,18.6,22.1,16.2,18.6,15.0,80.4,14.942,100.0,29.17,rain,0.0,0.0,46.7,30.8,226.6,1008.6,70.1,17.5,191.4,16.4,7.0,,"Rain, Partially cloudy",Partly cloudy throughout the day with a chance of rain throughout the day.,rain,"07684099999,LFMD,07690099999,16153099999,LFMN"
6,Monaco,Circuit de Monaco,43.7347,7.42056,7,Monte-Carlo,2017-05-28,12:00:00,2017,Monte-Carlo%20Monaco,25.5,19.2,22.4,25.5,19.2,22.4,12.7,54.9,0.0,0.0,0.0,,0.0,0.0,20.5,11.9,73.6,1020.6,19.2,30.7,,,,,Clear,Clear conditions throughout the day.,clear-day,"07684099999,LFMD,07690099999,16153099999,LFMN"
6,Monaco,Circuit de Monaco,43.7347,7.42056,7,Monte-Carlo,2018-05-27,13:10:00,2018,Monte-Carlo%20Monaco,25.4,21.3,23.0,25.4,21.3,23.0,16.0,64.6,0.0,0.0,0.0,,0.0,0.0,45.5,25.6,55.7,1016.4,82.2,20.1,200.3,17.2,7.0,,Partially cloudy,Partly cloudy throughout the day.,partly-cloudy-day,"07684099999,LFMD,E5975,07690099999,16153099999,LFMN"
6,Monaco,Circuit de Monaco,43.7347,7.42056,7,Monte-Carlo,2019-05-26,13:10:00,2019,Monte-Carlo%20Monaco,21.0,15.5,18.4,21.0,15.5,18.4,13.7,74.2,0.335,100.0,8.33,rain,0.0,0.0,21.1,13.9,238.1,1012.3,64.3,19.8,180.8,15.5,9.0,,"Rain, Partially cloudy",Partly cloudy throughout the day with morning rain.,rain,"07684099999,LFMD,E5975,07690099999,16153099999,LFMN"
6,Monaco,Circuit de Monaco,43.7347,7.42056,7,Monte-Carlo,2021-05-23,13:00:00,2021,Monte-Carlo%20Monaco,23.1,14.7,17.7,23.1,14.7,17.7,12.7,74.0,0.0,0.0,0.0,,0.0,0.0,50.1,35.4,52.5,1014.6,87.6,24.6,138.2,8.4,10.0,,Partially cloudy,Partly cloudy throughout the day.,partly-cloudy-day,"07684099999,LFMD,E5975,07690099999,16153099999,LFMN"
6,Monaco,Circuit de Monaco,43.7347,7.42056,7,Monte-Carlo,2022-05-29,13:00:00,2022,Monte-Carlo%20Monaco,24.0,20.4,22.2,24.0,20.4,22.2,16.9,71.9,0.014,100.0,4.17,rain,0.0,0.0,44.0,31.4,159.6,1003.5,58.4,18.6,106.3,9.3,4.0,,"Rain, Partially cloudy",Partly cloudy throughout the day with late afternoon rain.,rain,"07684099999,LFMD,E5975,07690099999,16153099999,LFMN"
6,Monaco,Circuit de Monaco,43.7347,7.42056,7,Monte-Carlo,2023-05-28,13:00:00,2023,Monte-Carlo%20Monaco,24.2,18.6,21.5,24.2,18.6,21.5,13.9,62.3,0.0,0.0,0.0,,0.0,0.0,37.2,22.6,323.7,1014.0,72.2,21.3,174.8,15.1,8.0,,Partially cloudy,Partly cloudy throughout the day.,partly-cloudy-day,"07684099999,LFMD,E5975,07690099999,16153099999,LFMN"
6,Monaco,Circuit de Monaco,43.7347,7.42056,7,Monte-Carlo,2024-05-26,13:00:00,2024,Monte-Carlo%20Monaco,18.4,17.3,17.7,18.4,17.3,17.7,13.7,77.3,0.4,3.2,4.17,rain,0.0,,8.6,8.6,104.0,1015.1,71.4,24.0,255.9,22.7,8.0,10.0,Partially cloudy,Partly cloudy throughout the day.,partly-cloudy-day,
7,Canada,Circuit Gilles Villeneuve,45.5,-73.5228,13,Montreal,2012-06-10,18:00:00,2012,Montreal%20Canada,26.1,14.9,21.3,26.1,14.9,21.3,9.0,48.3,0.0,0.0,0.0,,0.0,0.0,,7.6,99.7,1017.7,15.6,22.2,,,,,Clear,Clear conditions throughout the day.,clear-day,"71627094792,71377099999,71371099999,CWIZ,71612099999,CWTA"
7,Canada,Circuit Gilles Villeneuve,45.5,-73.5228,13,Montreal,2013-06-09,18:00:00,2013,Montreal%20Canada,23.5,14.9,18.5,23.5,14.9,18.5,12.6,72.1,0.004,100.0,4.17,rain,0.0,0.0,31.3,15.0,282.4,1018.0,36.4,19.3,338.8,29.4,9.0,,"Rain, Partially cloudy",Partly cloudy throughout the day with early morning rain.,rain,"71627094792,71377099999,71371099999,CWIZ,CWTA,71612099999"
7,Canada,Circuit Gilles Villeneuve,45.5,-73.5228,13,Montreal,2014-06-08,18:00:00,2014,Montreal%20Canada,27.8,15.6,22.1,27.4,15.6,22.1,11.1,51.6,0.0,0.0,0.0,,0.0,0.0,,15.7,242.0,1012.0,15.1,21.9,,,,,Clear,Clear conditions throughout the day.,clear-day,"71627094792,71377099999,71371099999,CWIZ"
7,Canada,Circuit Gilles Villeneuve,45.5,-73.5228,13,Montreal,2015-06-07,18:00:00,2015,Montreal%20Canada,21.7,11.1,17.3,21.7,11.1,17.3,4.8,45.5,0.0,0.0,0.0,,0.0,0.0,39.6,18.4,152.2,1017.5,49.6,21.5,280.7,24.5,9.0,,Partially cloudy,Partly cloudy throughout the day.,partly-cloudy-day,"71627094792,71377099999,71371099999,CWIZ,CWTA,71612099999"
7,Canada,Circuit Gilles Villeneuve,45.5,-73.5228,13,Montreal,2016-06-12,18:00:00,2016,Montreal%20Canada,15.4,10.2,12.2,15.4,10.2,12.2,7.2,72.0,0.0,0.0,0.0,,0.0,0.0,42.4,16.7,2.3,1003.3,84.3,17.5,93.0,8.0,3.0,,Partially cloudy,Partly cloudy throughout the day.,partly-cloudy-day,"71627094792,71377099999,71371099999,CWIZ,CWTA,71612099999"
7,Canada,Circuit Gilles Villeneuve,45.5,-73.5228,13,Montreal,2017-06-11,18:00:00,2017,Montreal%20Canada,29.0,21.3,25.6,29.3,21.3,25.7,15.5,54.2,0.0,0.0,0.0,,0.0,0.0,44.3,13.4,200.5,1008.6,22.4,20.8,315.8,27.3,9.0,,Partially cloudy,Partly cloudy throughout the day.,partly-cloudy-day,"71627094792,71377099999,71371099999,CWIZ,CWTA,71612099999"
7,Canada,Circuit Gilles Villeneuve,45.5,-73.5228,13,Montreal,2018-06-10,18:10:00,2018,Montreal%20Canada,20.0,12.1,16.2,20.0,12.1,16.2,1.5,37.4,0.0,0.0,0.0,,0.0,0.0,28.4,11.2,30.3,1019.5,18.8,22.6,319.8,27.6,10.0,,Clear,Clear conditions throughout the day.,clear-day,"71627094792,71377099999,71371099999,CWIZ,C8027,CWTA,71612099999"
7,Canada,Circuit Gilles Villeneuve,45.5,-73.5228,13,Montreal,2019-06-09,18:10:00,2019,Montreal%20Canada,29.6,15.8,23.0,27.9,15.8,22.5,3.6,30.4,0.0,0.0,0.0,,0.0,0.0,33.5,9.4,183.4,1023.8,16.6,22.3,334.6,28.8,9.0,,Clear,Clear conditions throughout the day.,clear-day,"71627094792,71377099999,71371099999,CWIZ,C8027,CWTA,71612099999"
7,Canada,Circuit Gilles Villeneuve,45.5,-73.5228,13,Montreal,2022-06-19,18:00:00,2022,Montreal%20Canada,21.9,10.0,15.8,21.9,7.7,15.6,3.0,44.7,0.0,0.0,0.0,,0.0,0.0,50.0,16.8,354.9,1014.3,16.5,22.3,340.4,29.3,10.0,10.0,Clear,Clear conditions throughout the day.,clear-day,"71627094792,71377099999,71371099999,CWIZ,F8061,CWTA,71612099999"
7,Canada,Circuit Gilles Villeneuve,45.5,-73.5228,13,Montreal,2023-06-18,18:00:00,2023,Montreal%20Canada,18.8,11.5,15.1,18.8,11.5,15.1,11.6,80.2,0.018,100.0,4.17,rain,0.0,0.0,31.7,11.3,30.5,1012.7,73.6,17.5,168.2,14.6,7.0,10.0,"Rain, Partially cloudy",Partly cloudy throughout the day with early morning rain.,rain,"71627094792,71377099999,71371099999,CWIZ,F8061,CWTA,71612099999"
7,Canada,Circuit Gilles Villeneuve,45.5,-73.5228,13,Montreal,2024-06-09,18:00:00,2024,Montreal%20Canada,22.9,15.0,19.0,0.0,0.0,29.0,10.9,63.2,2.1,5.0,2.0,,,,39.2,11.5,222.9,1012.0,0.2,13.8,,,,,Clear,,clear-day,
9,UK,Silverstone Circuit,52.0786,-1.01694,153,Silverstone,2012-07-08,12:00:00,2012,Silverstone%20UK,18.4,12.9,15.1,18.4,12.9,15.1,13.3,89.4,4.336,100.0,16.67,rain,,,,16.4,350.6,1006.0,57.4,13.9,205.7,17.7,6.0,,"Rain, Partially cloudy",Partly cloudy throughout the day with a chance of rain throughout the day.,rain,"36,470,999,990,366,000,000,000,000,000,000,000,000,000,000,000,000,000,000,000,000,000"
9,UK,Silverstone Circuit,52.0786,-1.01694,153,Silverstone,2013-06-30,12:00:00,2013,Silverstone%20UK,21.6,13.2,16.9,21.6,13.2,16.9,12.8,78.1,0.0,0.0,0.0,,0.0,0.0,42.8,20.9,244.6,1021.3,56.7,24.1,,,,,Partially cloudy,Partly cloudy throughout the day.,partly-cloudy-day,"36,470,999,990,366,000,000,000,000,000,000,000,000,000,000,000,000,000,000,000,000,000"
9,UK,Silverstone Circuit,52.0786,-1.01694,153,Silverstone,2014-07-06,12:00:00,2014,Silverstone%20UK,19.5,11.2,15.0,19.5,11.2,15.0,9.2,70.0,0.562,100.0,4.17,rain,,,42.5,16.2,256.2,1004.9,57.2,33.4,248.1,21.5,7.0,,"Rain, Partially cloudy",Partly cloudy throughout the day with late afternoon rain.,rain,"36,470,999,990,366,000,000,000,000,000,000,000,000,000,000,000,000,000,000,000,000,000"
9,UK,Silverstone Circuit,52.0786,-1.01694,153,Silverstone,2015-07-05,12:00:00,2015,Silverstone%20UK,20.8,11.3,15.4,20.8,11.3,15.4,10.6,74.0,1.41,100.0,4.17,rain,0.0,0.0,50.7,19.3,234.3,1017.6,53.6,33.6,221.0,18.9,7.0,,"Rain, Partially cloudy",Partly cloudy throughout the day with late afternoon rain.,rain,"36,470,999,990,366,000,000,000,000,000,000,000,000,000,000,000,000,000,000,000,000,000"
9,UK,Silverstone Circuit,52.0786,-1.01694,153,Silverstone,2016-07-10,12:00:00,2016,Silverstone%20UK,20.9,15.1,17.8,20.9,15.1,17.8,14.6,82.3,0.876,100.0,8.33,rain,0.0,0.0,54.0,22.8,215.2,1007.3,72.0,24.3,184.3,15.8,8.0,,"Rain, Partially cloudy",Partly cloudy throughout the day with rain in the morning and afternoon.,rain,"36,470,999,990,366,000,000,000,000,000,000,000,000,000,000,000,000,000,000,000,000,000"
9,UK,Silverstone Circuit,52.0786,-1.01694,153,Silverstone,2017-07-16,12:00:00,2017,Silverstone%20UK,22.0,15.8,19.1,22.0,15.8,19.1,15.9,82.6,0.121,100.0,4.17,rain,0.0,0.0,34.9,16.9,273.8,1022.2,83.0,34.8,109.9,9.7,3.0,,"Rain, Partially cloudy",Partly cloudy throughout the day with late afternoon rain.,rain,"36,470,999,990,366,000,000,000,000,000,000,000,000,000,000,000,000,000,000,000,000,000"
9,UK,Silverstone Circuit,52.0786,-1.01694,153,Silverstone,2018-07-08,13:10:00,2018,Silverstone%20UK,29.1,14.8,22.4,28.3,14.8,22.2,12.9,58.1,0.0,0.0,0.0,,0.0,0.0,32.0,15.9,9.4,1025.6,18.4,31.6,297.0,25.8,8.0,,Clear,Clear conditions throughout the day.,clear-day,"03647099999,03660099999,03649099999,D7144,03658099999,03544099999"
9,UK,Silverstone Circuit,52.0786,-1.01694,153,Silverstone,2019-07-14,13:10:00,2019,Silverstone%20UK,19.6,12.8,15.7,19.6,12.8,15.7,12.2,80.9,0.0,0.0,0.0,,0.0,0.0,31.7,15.6,46.3,1023.7,67.9,27.9,124.2,10.6,5.0,,Partially cloudy,Partly cloudy throughout the day.,partly-cloudy-day,"03647099999,03660099999,03649099999,D7144,03560099999,03658099999,03544099999"
9,UK,Silverstone Circuit,52.0786,-1.01694,153,Silverstone,2020-08-02,13:10:00,2020,Silverstone%20UK,21.8,10.0,16.3,21.8,9.2,16.2,9.5,66.5,0.024,100.0,4.17,rain,0.0,0.0,36.0,18.0,261.7,1016.0,44.0,38.9,247.3,21.2,7.0,,"Rain, Partially cloudy",Partly cloudy throughout the day with late afternoon rain.,rain,"03647099999,03660099999,03649099999,D7144,03560099999,03658099999,03544099999"
9,UK,Silverstone Circuit,52.0786,-1.01694,153,Silverstone,2020-08-09,13:10:00,2020,Silverstone%20UK,27.2,15.0,20.0,28.0,15.0,20.1,15.8,78.4,0.0,0.0,0.0,,0.0,0.0,41.4,19.6,42.7,1018.8,69.2,18.0,191.5,16.5,7.0,,Partially cloudy,Partly cloudy throughout the day.,partly-cloudy-day,"03647099999,03660099999,03649099999,D7144,03560099999,03658099999,03544099999"
9,UK,Silverstone Circuit,52.0786,-1.01694,153,Silverstone,2021-07-18,14:00:00,2021,Silverstone%20UK,29.3,15.8,23.2,29.3,15.8,23.3,16.0,66.6,0.0,0.0,0.0,,0.0,0.0,25.9,8.8,336.2,1024.9,13.2,32.9,291.1,25.3,8.0,,Clear,Clear conditions throughout the day.,clear-day,"E7347,03647099999,03660099999,03649099999,D7144,03560099999,03658099999,03544099999"
9,UK,Silverstone Circuit,52.0786,-1.01694,153,Silverstone,2022-07-03,14:00:00,2022,Silverstone%20UK,19.2,9.3,14.5,19.2,8.3,14.4,9.9,75.7,1.129,100.0,8.33,rain,0.0,0.0,29.9,13.5,272.0,1019.1,44.9,39.6,146.2,12.7,6.0,,"Rain, Partially cloudy",Becoming cloudy in the afternoon with rain.,rain,"03647099999,E7521,03660099999,03649099999,03560099999,03658099999,03544099999"
9,UK,Silverstone Circuit,52.0786,-1.01694,153,Silverstone,2023-07-09,14:00:00,2023,Silverstone%20UK,22.1,14.1,17.7,22.1,14.1,17.7,13.7,79.1,0.206,100.0,16.67,rain,0.0,0.0,34.0,20.2,208.8,1018.1,45.0,26.3,204.5,17.5,9.0,,"Rain, Partially cloudy",Partly cloudy throughout the day with rain.,rain,"03647099999,03649099999,D7144,03560099999,03658099999,03544099999"
9,UK,Silverstone Circuit,52.0786,-1.01694,153,Silverstone,2024-07-07,14:00:00,2024,Silverstone%20UK,17.6,13.4,15.5,0.0,0.0,27.5,11.7,79.6,1.1,0.0,0.0,,,,51.8,15.1,202.1,1014.6,30.6,25.4,,,,,Partially cloudy,,partly-cloudy-day,
10,Germany,Hockenheimring,49.3278,8.56583,103,Hockenheim,2012-07-22,12:00:00,2012,Hockenheim%20Germany,21.1,4.1,13.2,21.1,4.1,13.2,7.3,72.6,0.3,100.0,4.17,rain,0.0,0.0,,16.6,58.2,1027.2,5.1,9.1,335.5,28.9,9.0,,Rain,Clear conditions throughout the day with early morning rain.,rain,10614099999
10,Germany,Hockenheimring,49.3278,8.56583,103,Hockenheim,2014-07-20,12:00:00,2014,Hockenheim%20Germany,26.2,17.9,21.8,26.2,17.9,21.8,17.1,76.2,0.0,0.0,0.0,,0.0,0.0,,14.8,205.4,1010.1,38.5,10.0,131.8,11.5,6.0,,Partially cloudy,Partly cloudy throughout the day.,partly-cloudy-day,10614099999
10,Germany,Hockenheimring,49.3278,8.56583,103,Hockenheim,2016-07-31,12:00:00,2016,Hockenheim%20Germany,24.6,16.0,20.8,24.6,16.0,20.8,14.7,69.8,1.18,100.0,8.33,rain,0.0,0.0,28.8,16.3,301.8,1013.3,59.4,21.0,166.2,14.5,4.0,,"Rain, Partially cloudy",Partly cloudy throughout the day with rain.,rain,"10,720,527,505,906,000,000,000,000,000"
10,Germany,Hockenheimring,49.3278,8.56583,103,Hockenheim,2018-07-22,13:10:00,2018,Hockenheim%20Germany,26.2,17.0,20.0,26.2,17.0,20.0,16.8,83.4,30.259,100.0,29.17,rain,0.0,0.0,24.1,12.5,282.4,1013.8,67.6,9.4,164.7,14.2,8.0,,"Rain, Partially cloudy",Partly cloudy throughout the day with rain.,rain,"01072,C4150,AS352,05275,05906,05692,13674,05426,C2091"
10,Germany,Hockenheimring,49.3278,8.56583,103,Hockenheim,2019-07-28,13:10:00,2019,Hockenheim%20Germany,23.0,19.3,20.4,23.0,19.3,20.4,18.2,87.3,8.253,100.0,79.17,rain,0.0,0.0,42.8,21.2,292.6,1002.1,96.6,12.6,69.7,6.1,2.0,,"Rain, Overcast",Cloudy skies throughout the day with a chance of rain throughout the day.,rain,"01072,C6185,C4150,05275,05906,05692,13674,05426,C2091,C7769"
11,Hungary,Hungaroring,47.5789,19.2486,264,Budapest,2012-07-29,12:00:00,2012,Budapest%20Hungary,32.9,19.1,24.9,33.8,19.1,25.3,18.3,70.1,1.17,100.0,16.67,rain,0.0,0.0,,22.3,351.8,1010.6,65.4,18.7,,,,,"Rain, Partially cloudy",Partly cloudy throughout the day with a chance of rain throughout the day.,rain,"1,284,709,999,912,840,000,000,000,000,000,000,000,000,000,000,000,000,000"
11,Hungary,Hungaroring,47.5789,19.2486,264,Budapest,2013-07-28,12:00:00,2013,Budapest%20Hungary,36.2,20.9,29.0,35.2,20.9,28.5,15.1,48.0,0.0,0.0,0.0,,0.0,0.0,,16.4,166.1,1014.1,26.7,30.4,318.4,27.5,9.0,,Partially cloudy,Partly cloudy throughout the day.,partly-cloudy-day,"1,284,709,999,912,840,000,000,000,000,000,000,000,000,000,000,000,000,000"
11,Hungary,Hungaroring,47.5789,19.2486,264,Budapest,2014-07-27,12:00:00,2014,Budapest%20Hungary,26.3,20.2,23.0,26.3,20.2,23.0,18.2,74.9,3.512,100.0,8.33,rain,0.0,0.0,,12.4,58.0,1012.6,58.7,21.0,,,,,"Rain, Partially cloudy",Partly cloudy throughout the day with rain.,rain,"1,284,709,999,912,840,000,000,000,000,000,000,000,000,000,000,000,000,000"
11,Hungary,Hungaroring,47.5789,19.2486,264,Budapest,2015-07-26,12:00:00,2015,Budapest%20Hungary,25.7,17.9,21.6,25.7,17.9,21.6,10.1,50.1,8.525,100.0,4.17,rain,0.0,0.0,36.0,26.3,310.3,1012.2,60.4,52.7,,,,,"Rain, Partially cloudy",Partly cloudy throughout the day with early morning rain.,rain,"1,284,709,999,912,840,000,000,000,000,000,000,000,000,000,000,000,000,000"
11,Hungary,Hungaroring,47.5789,19.2486,264,Budapest,2016-07-24,12:00:00,2016,Budapest%20Hungary,30.0,20.7,25.0,30.9,20.7,25.3,18.7,70.2,0.0,0.0,0.0,,0.0,0.0,,12.4,83.2,1016.6,42.4,26.7,,,,,Partially cloudy,Partly cloudy throughout the day.,partly-cloudy-day,"1,284,709,999,912,840,000,000,000,000,000,000,000,000,000,000,000,000,000"
11,Hungary,Hungaroring,47.5789,19.2486,264,Budapest,2017-07-30,12:00:00,2017,Budapest%20Hungary,31.2,15.5,24.1,30.4,15.5,23.9,14.3,58.0,0.0,0.0,0.0,,0.0,0.0,25.8,13.0,129.3,1016.7,29.2,45.6,,,,,Partially cloudy,Partly cloudy throughout the day.,partly-cloudy-day,"1,284,709,999,912,840,000,000,000,000,000,000,000,000,000,000,000,000,000"
11,Hungary,Hungaroring,47.5789,19.2486,264,Budapest,2018-07-29,13:10:00,2018,Budapest%20Hungary,33.3,21.1,27.0,33.0,21.1,27.2,18.3,62.2,0.0,0.0,0.0,,0.0,0.0,27.3,12.3,340.1,1011.4,46.8,24.4,318.3,27.4,10.0,,Partially cloudy,Partly cloudy throughout the day.,partly-cloudy-day,"12847099999,12843099999,12846099999,E3429,12836099999,12839099999"
11,Hungary,Hungaroring,47.5789,19.2486,264,Budapest,2019-08-04,13:10:00,2019,Budapest%20Hungary,25.6,15.8,20.4,25.6,15.8,20.4,12.1,62.3,0.0,0.0,0.0,,0.0,0.0,32.0,12.2,317.5,1013.9,14.1,10.0,265.2,22.9,9.0,,Clear,Clear conditions throughout the day.,clear-day,"12847099999,12843099999,12846099999,E3429,12836099999,12839099999"
11,Hungary,Hungaroring,47.5789,19.2486,264,Budapest,2020-07-19,13:10:00,2020,Budapest%20Hungary,21.5,14.3,17.5,21.5,14.3,17.5,15.8,90.0,5.27,100.0,8.33,rain,0.0,0.0,28.1,10.1,9.8,1014.9,73.4,9.6,106.8,9.2,6.0,,"Rain, Partially cloudy",Partly cloudy throughout the day with rain.,rain,"12847099999,12843099999,12846099999,E3429,12836099999,12839099999"
11,Hungary,Hungaroring,47.5789,19.2486,264,Budapest,2021-08-01,13:00:00,2021,Budapest%20Hungary,29.6,18.2,22.7,30.8,18.2,23.1,18.0,76.3,7.413,100.0,12.5,rain,0.0,0.0,55.4,29.2,331.3,1007.6,62.3,9.8,159.2,13.8,7.0,,"Rain, Partially cloudy",Partly cloudy throughout the day with rain.,rain,"12847099999,12843099999,12846099999,E3429,12840099999,12836099999,12839099999"
11,Hungary,Hungaroring,47.5789,19.2486,264,Budapest,2022-07-31,13:00:00,2022,Budapest%20Hungary,20.5,17.1,19.0,20.5,17.1,19.0,13.6,71.8,12.892,100.0,12.5,rain,0.0,0.0,55.8,30.1,300.1,1013.2,70.0,10.0,106.3,9.2,5.0,,"Rain, Partially cloudy",Partly cloudy throughout the day with rain.,rain,"12847099999,12843099999,12846099999,E3429,12836099999,12839099999"
11,Hungary,Hungaroring,47.5789,19.2486,264,Budapest,2023-07-23,13:00:00,2023,Budapest%20Hungary,29.7,15.6,24.5,28.9,15.6,24.3,12.9,50.0,0.0,0.0,0.0,,0.0,0.0,32.8,16.9,224.9,1016.3,23.2,10.0,273.5,23.6,8.0,,Partially cloudy,Partly cloudy throughout the day.,partly-cloudy-day,"12847099999,12843099999,12846099999,E3429,12840099999,12836099999,12839099999"
11,Hungary,Hungaroring,47.5789,19.2486,264,Budapest,2024-07-21,13:00:00,2024,Budapest%20Hungary,28.6,17.6,23.2,0.0,0.0,31.6,14.7,62.2,1.9,0.0,0.0,,,0.0,34.9,17.6,218.2,1014.2,32.2,27.1,,,,,Partially cloudy,,partly-cloudy-day,
12,Spain,Valencia Street Circuit,39.4589,-0.331667,4,Valencia,2012-06-24,12:00:00,2012,Valencia%20Spain,29.7,20.1,25.3,29.5,20.1,25.4,17.0,62.2,0.0,0.0,0.0,,,,,24.1,96.8,1020.7,43.0,15.6,349.4,30.2,10.0,,Partially cloudy,Partly cloudy throughout the day.,partly-cloudy-day,"08284099999,LEVC"
13,Belgium,Circuit de Spa-Francorchamps,50.4372,5.97139,401,Spa,2012-09-02,12:00:00,2012,Spa%20Belgium,18.7,4.9,11.6,18.7,4.2,11.5,7.6,78.9,0.0,0.0,0.0,,0.0,0.0,21.6,12.1,246.7,1025.8,27.2,20.6,,,,,Partially cloudy,Partly cloudy throughout the day.,partly-cloudy-day,"64,940,999,990,647,800,000,000,000,000,000"
13,Belgium,Circuit de Spa-Francorchamps,50.4372,5.97139,401,Spa,2013-08-25,12:00:00,2013,Spa%20Belgium,16.3,10.2,13.0,16.3,10.2,13.0,11.8,92.8,11.698,100.0,8.33,rain,0.0,0.0,26.4,11.2,209.9,1012.5,79.7,11.7,,,,,"Rain, Partially cloudy",Partly cloudy throughout the day with rain.,rain,"64,940,999,990,647,800,000,000,000,000,000"
13,Belgium,Circuit de Spa-Francorchamps,50.4372,5.97139,401,Spa,2014-08-24,12:00:00,2014,Spa%20Belgium,14.5,4.6,9.6,14.5,3.0,8.7,6.4,82.4,0.909,100.0,8.33,rain,0.0,0.0,33.0,18.5,235.1,1019.0,61.4,13.7,,,,,"Rain, Partially cloudy",Partly cloudy throughout the day with rain.,rain,"64,940,999,990,647,800,000,000,000,000,000"
13,Belgium,Circuit de Spa-Francorchamps,50.4372,5.97139,401,Spa,2015-08-23,12:00:00,2015,Spa%20Belgium,23.3,12.8,17.0,23.3,12.8,17.0,9.4,63.6,3.307,100.0,25.0,rain,0.0,0.0,54.0,30.5,136.3,1007.8,28.6,13.7,,,,,"Rain, Partially cloudy",Becoming cloudy in the afternoon with late afternoon rain.,rain,"64,940,999,990,647,800,000,000,000,000,000,000,000,000,000,000"
13,Belgium,Circuit de Spa-Francorchamps,50.4372,5.97139,401,Spa,2016-08-28,12:00:00,2016,Spa%20Belgium,26.4,15.5,21.1,26.4,15.5,21.1,14.2,65.6,0.822,100.0,8.33,rain,0.0,0.0,39.6,22.3,234.8,1014.8,27.8,14.8,,,,,"Rain, Partially cloudy",Partly cloudy throughout the day with early morning rain.,rain,"64,940,999,990,647,800,000,000,000,000,000,000,000,000,000,000"
13,Belgium,Circuit de Spa-Francorchamps,50.4372,5.97139,401,Spa,2017-08-27,12:00:00,2017,Spa%20Belgium,22.2,12.5,17.1,22.2,12.5,17.1,13.8,82.1,0.051,100.0,4.17,rain,0.0,0.0,14.8,9.1,50.8,1018.4,52.3,8.7,,,,,"Rain, Partially cloudy",Partly cloudy throughout the day with morning rain.,rain,"64,940,999,990,647,800,000,000,000,000,000,000,000,000,000,000"
13,Belgium,Circuit de Spa-Francorchamps,50.4372,5.97139,401,Spa,2018-08-26,13:10:00,2018,Spa%20Belgium,16.8,4.8,11.5,16.8,2.9,10.9,5.0,68.5,0.0,0.0,0.0,,0.0,0.0,28.8,15.4,204.2,1016.5,72.3,15.2,184.2,16.0,7.0,,Partially cloudy,Partly cloudy throughout the day.,partly-cloudy-day,"D9580,06478099999,06496099999,04508,E5682,03591,15000"
13,Belgium,Circuit de Spa-Francorchamps,50.4372,5.97139,401,Spa,2019-09-01,13:10:00,2019,Spa%20Belgium,18.4,11.0,14.2,18.4,11.0,14.2,10.2,78.4,0.19,100.0,16.67,rain,0.0,0.0,36.0,16.1,279.6,1015.3,69.5,25.4,201.5,17.7,5.0,,"Rain, Partially cloudy",Partly cloudy throughout the day with morning rain.,rain,"D9580,06494099999,06478099999,04508,E5682,03591,15000,D8956"
13,Belgium,Circuit de Spa-Francorchamps,50.4372,5.97139,401,Spa,2020-08-30,13:10:00,2020,Spa%20Belgium,16.5,6.7,11.8,16.5,6.7,11.7,9.7,88.0,9.968,100.0,25.0,rain,0.0,0.0,36.0,16.2,297.0,1010.2,78.8,11.1,140.1,12.1,8.0,,"Rain, Partially cloudy",Partly cloudy throughout the day with rain.,rain,"D9580,06494099999,06478099999,06496099999,04508,E5682,03591,15000"
13,Belgium,Circuit de Spa-Francorchamps,50.4372,5.97139,401,Spa,2021-08-29,13:00:00,2021,Spa%20Belgium,13.6,10.7,11.8,13.6,10.7,11.8,11.4,97.6,12.064,100.0,66.67,rain,0.0,0.0,36.0,17.4,336.5,1019.9,95.8,9.2,42.1,3.5,2.0,,"Rain, Overcast",Cloudy skies throughout the day with a chance of rain throughout the day.,rain,"06494099999,06478099999,06496099999,04508,E5682,03591,15000"
13,Belgium,Circuit de Spa-Francorchamps,50.4372,5.97139,401,Spa,2022-08-28,13:00:00,2022,Spa%20Belgium,20.2,12.1,15.6,20.2,12.1,15.6,9.6,69.9,0.0,0.0,0.0,,0.0,0.0,28.8,13.9,49.0,1019.5,44.8,12.6,124.5,7.5,7.0,,Partially cloudy,Partly cloudy throughout the day.,partly-cloudy-day,"06494099999,06478099999,06496099999,04508,E5682,03591,15000"
13,Belgium,Circuit de Spa-Francorchamps,50.4372,5.97139,401,Spa,2023-07-30,13:00:00,2023,Spa%20Belgium,17.7,11.9,14.3,17.7,11.9,14.3,11.4,83.5,1.421,100.0,29.17,rain,0.0,0.0,46.8,25.8,244.1,1013.6,86.4,16.3,147.3,12.8,7.0,,"Rain, Partially cloudy",Partly cloudy throughout the day with rain.,rain,"06494099999,06478099999,06496099999,E5682,04508,03591,15000"
13,Belgium,Circuit de Spa-Francorchamps,50.4372,5.97139,401,Spa,2024-07-28,13:00:00,2024,Spa%20Belgium,18.8,14.9,16.8,0.0,0.0,27.9,12.8,79.6,4.7,2.4,1.0,,,,27.0,14.4,217.6,1014.5,47.5,18.9,,,,,Partially cloudy,,partly-cloudy-day,
14,Italy,Autodromo Nazionale di Monza,45.6156,9.28111,162,Monza,2012-09-09,12:00:00,2012,Monza%20Italy,28.8,16.7,22.5,28.2,16.7,22.4,15.3,67.0,0.0,0.0,0.0,,0.0,0.0,14.8,7.2,245.8,1017.9,26.0,9.7,216.5,18.7,7.0,,Partially cloudy,Partly cloudy throughout the day.,partly-cloudy-day,"1,608,009,999,916,070,000,000,000,000,000,000,000,000,000,000,000,000,000"
14,Italy,Autodromo Nazionale di Monza,45.6156,9.28111,162,Monza,2013-09-08,12:00:00,2013,Monza%20Italy,24.2,19.6,21.8,24.2,19.6,21.8,17.6,76.8,4.445,100.0,50.0,rain,0.0,0.0,46.8,18.0,103.9,1017.7,70.9,9.9,,,,,"Rain, Partially cloudy",Partly cloudy throughout the day with a chance of rain throughout the day.,rain,"160,800,999,991,607,000,000,000,000,000,000,000,000,000,000,000,000,000,000,000,000,000"
14,Italy,Autodromo Nazionale di Monza,45.6156,9.28111,162,Monza,2014-09-07,12:00:00,2014,Monza%20Italy,26.2,18.0,21.5,26.2,18.0,21.5,16.9,75.6,0.046,100.0,8.33,rain,0.0,0.0,14.8,9.5,92.4,1013.4,47.7,10.0,,,,,"Rain, Partially cloudy",Partly cloudy throughout the day with early morning rain.,rain,"160,800,999,991,607,000,000,000,000,000,000,000,000,000,000,000,000,000,000,000,000,000"
14,Italy,Autodromo Nazionale di Monza,45.6156,9.28111,162,Monza,2015-09-06,12:00:00,2015,Monza%20Italy,23.3,10.9,17.0,23.3,10.9,17.0,7.3,54.7,0.043,100.0,4.17,rain,0.0,0.0,57.6,12.3,316.9,1017.0,7.3,10.0,245.9,21.1,8.0,,Rain,Clear conditions throughout the day with morning rain.,rain,"160,800,999,991,607,000,000,000,000,000,000,000,000,000,000,000,000,000,000,000,000,000"
14,Italy,Autodromo Nazionale di Monza,45.6156,9.28111,162,Monza,2016-09-04,12:00:00,2016,Monza%20Italy,28.4,20.0,24.2,29.0,20.0,24.4,17.3,66.3,0.0,0.0,0.0,,0.0,0.0,26.7,9.9,286.3,1015.9,41.4,9.3,180.5,15.6,6.0,,Partially cloudy,Partly cloudy throughout the day.,partly-cloudy-day,"160,800,999,991,607,000,000,000,000,000,000,000,000,000,000,000,000,000,000,000,000,000"
14,Italy,Autodromo Nazionale di Monza,45.6156,9.28111,162,Monza,2017-09-03,12:00:00,2017,Monza%20Italy,24.2,12.4,18.0,24.2,12.4,18.0,7.5,54.3,0.0,0.0,0.0,,0.0,0.0,58.4,13.1,12.3,1011.0,40.8,12.9,253.5,22.0,8.0,,Partially cloudy,Clearing in the afternoon.,partly-cloudy-day,"160,800,999,991,607,000,000,000,000,000,000,000,000,000,000,000,000,000,000,000,000,000"
14,Italy,Autodromo Nazionale di Monza,45.6156,9.28111,162,Monza,2018-09-02,13:10:00,2018,Monza%20Italy,20.4,14.8,17.8,20.4,14.8,17.8,14.9,84.0,3.321,100.0,12.5,rain,0.0,0.0,30.1,15.2,78.4,1016.6,64.5,9.5,160.1,13.7,7.0,,"Rain, Partially cloudy",Partly cloudy throughout the day with rain.,rain,"16080099999,16076099999,06770099999,C7783,06777099999,16066099999,06771099999"
14,Italy,Autodromo Nazionale di Monza,45.6156,9.28111,162,Monza,2019-09-08,13:10:00,2019,Monza%20Italy,17.3,10.8,14.2,17.3,10.8,14.2,10.0,76.6,13.285,100.0,41.67,rain,0.0,0.0,51.4,22.4,356.5,1012.4,56.7,9.8,217.3,18.8,8.0,,"Rain, Partially cloudy",Partly cloudy throughout the day with a chance of rain throughout the day.,rain,"16076099999,06770099999,F5400,06777099999,16066099999,06771099999"
14,Italy,Autodromo Nazionale di Monza,45.6156,9.28111,162,Monza,2020-09-06,13:10:00,2020,Monza%20Italy,26.9,15.9,21.6,27.0,15.9,21.6,14.0,63.7,0.427,100.0,8.33,rain,0.0,0.0,26.1,10.4,254.8,1013.0,29.7,10.0,231.2,19.9,8.0,,"Rain, Partially cloudy",Partly cloudy throughout the day with late afternoon rain.,rain,"16080099999,16076099999,06770099999,F5400,06777099999,16066099999,06771099999"
14,Italy,Autodromo Nazionale di Monza,45.6156,9.28111,162,Monza,2021-09-12,13:00:00,2021,Monza%20Italy,27.6,15.8,21.3,27.1,15.8,21.2,13.5,63.7,0.0,0.0,0.0,,0.0,0.0,18.0,8.4,82.5,1015.9,30.7,10.0,224.2,19.3,7.0,,Partially cloudy,Partly cloudy throughout the day.,partly-cloudy-day,"16080099999,16076099999,06770099999,F5400,06777099999,16066099999,06771099999"
14,Italy,Autodromo Nazionale di Monza,45.6156,9.28111,162,Monza,2022-09-11,13:00:00,2022,Monza%20Italy,26.8,15.2,20.8,26.5,15.2,20.8,12.4,61.5,0.0,0.0,0.0,,0.0,0.0,25.9,10.7,316.9,1014.6,26.2,10.0,251.3,21.8,8.0,,Partially cloudy,Partly cloudy throughout the day.,partly-cloudy-day,"16080099999,16076099999,06770099999,F5400,16066099999,06777099999,06771099999"
14,Italy,Autodromo Nazionale di Monza,45.6156,9.28111,162,Monza,2023-09-03,13:00:00,2023,Monza%20Italy,29.7,16.8,22.8,30.4,16.8,23.0,16.8,71.4,0.0,0.0,0.0,,0.0,0.0,22.3,11.3,263.9,1021.8,47.1,10.0,206.7,17.9,7.0,,Partially cloudy,Partly cloudy throughout the day.,partly-cloudy-day,"16080099999,16076099999,06770099999,C7783,16066099999,06771099999"
14,Italy,Autodromo Nazionale di Monza,45.6156,9.28111,162,Monza,2024-09-01,13:00:00,2024,Monza%20Italy,23.4,18.2,20.8,0.0,0.0,28.9,14.8,71.5,2.9,0.0,0.0,,,,,9.4,143.0,,34.4,9.9,,,,,Partially cloudy,,partly-cloudy-day,
15,Singapore,Marina Bay Street Circuit,1.2914,103.864,18,Marina Bay,2012-09-23,12:00:00,2012,Marina%20Bay%20Singapore,32.9,25.7,29.0,38.8,25.7,32.8,24.2,76.3,0.0,0.0,0.0,,,,,16.8,203.5,1009.2,85.9,8.6,197.5,17.2,7.0,,Partially cloudy,Partly cloudy throughout the day.,partly-cloudy-day,"48698099999,48679099999,WSAP,WSSS,48694099999,96087099999,WIDD,48699099999,WMKJ,WSSL"
15,Singapore,Marina Bay Street Circuit,1.2914,103.864,18,Marina Bay,2013-09-22,12:00:00,2013,Marina%20Bay%20Singapore,32.9,27.4,29.7,38.6,31.5,34.2,23.9,71.8,0.0,0.0,0.0,,,,,20.8,179.5,1008.6,89.2,10.3,225.6,19.4,8.0,,Partially cloudy,Partly cloudy throughout the day.,partly-cloudy-day,"48698099999,48679099999,WSAP,WSSS,48694099999,96087099999,48699099999,WMKJ,WSSL"
15,Singapore,Marina Bay Street Circuit,1.2914,103.864,18,Marina Bay,2014-09-21,12:00:00,2014,Marina%20Bay%20Singapore,32.2,23.1,28.2,36.7,23.1,30.6,23.2,76.5,27.078,100.0,8.33,rain,,,,20.3,221.2,1011.5,84.9,7.9,145.2,12.6,5.0,,"Rain, Partially cloudy",Partly cloudy throughout the day with early morning rain.,rain,"48698099999,48679099999,WSAP,WSSS,48694099999,96087099999,WIDD,48699099999,WMKJ,WSSL"
15,Singapore,Marina Bay Street Circuit,1.2914,103.864,18,Marina Bay,2015-09-20,12:00:00,2015,Marina%20Bay%20Singapore,32.9,26.6,29.6,40.2,26.6,34.6,24.7,75.8,0.0,0.0,0.0,,0.0,0.0,23.8,14.8,88.2,1009.8,84.6,6.8,247.3,21.3,9.0,,Partially cloudy,Partly cloudy throughout the day.,partly-cloudy-day,"48698099999,48679099999,WSAP,WSSS,48694099999,96087099999,WIDD,48699099999,WMKJ,WSSL"
15,Singapore,Marina Bay Street Circuit,1.2914,103.864,18,Marina Bay,2016-09-18,12:00:00,2016,Marina%20Bay%20Singapore,33.7,23.6,29.0,39.7,23.6,32.4,23.8,75.1,6.082,100.0,4.17,rain,0.0,0.0,27.7,19.4,250.9,1008.8,86.7,9.8,195.8,16.8,8.0,,"Rain, Partially cloudy",Partly cloudy throughout the day with morning rain.,rain,"48698099999,48679099999,WSAP,WSSS,48694099999,96087099999,WIDD,48699099999,WMKJ,WSSL"
15,Singapore,Marina Bay Street Circuit,1.2914,103.864,18,Marina Bay,2017-09-17,12:00:00,2017,Marina%20Bay%20Singapore,32.9,27.6,29.2,37.7,31.6,33.8,24.2,75.4,2.607,100.0,8.33,rain,0.0,0.0,35.6,17.2,147.3,1010.9,64.1,10.0,190.1,16.4,8.0,,"Rain, Partially cloudy",Partly cloudy throughout the day with rain.,rain,"48698099999,48679099999,WSAP,48694099999,48699099999,WSSL"
15,Singapore,Marina Bay Street Circuit,1.2914,103.864,18,Marina Bay,2018-09-16,12:10:00,2018,Marina%20Bay%20Singapore,30.7,27.2,28.9,33.8,30.1,31.9,22.3,68.3,0.262,100.0,4.17,rain,0.0,0.0,33.5,22.6,167.2,1008.2,85.8,10.0,67.6,5.9,3.0,,"Rain, Partially cloudy",Partly cloudy throughout the day with late afternoon rain.,rain,"48698099999,48679099999,WSAP,48694099999,WSSS,96087099999,F0045,48699099999,WIDD,WSSL,WMKJ"
15,Singapore,Marina Bay Street Circuit,1.2914,103.864,18,Marina Bay,2019-09-22,12:10:00,2019,Marina%20Bay%20Singapore,33.3,26.9,29.7,38.9,29.5,33.8,23.3,69.6,0.0,0.0,0.0,,0.0,0.0,34.2,16.6,128.1,1010.3,63.8,4.4,294.0,25.5,10.0,,Partially cloudy,Partly cloudy throughout the day.,partly-cloudy-day,"48698099999,48679099999,WSAP,48694099999,48699099999,WSSL"
15,Singapore,Marina Bay Street Circuit,1.2914,103.864,18,Marina Bay,2022-10-02,12:00:00,2022,Marina%20Bay%20Singapore,32.6,24.0,27.3,36.4,24.0,28.6,23.1,79.2,23.46,100.0,4.17,rain,0.0,0.0,16.2,14.9,359.6,1009.0,79.0,9.3,69.0,6.1,5.0,10.0,"Rain, Partially cloudy",Partly cloudy throughout the day with morning rain.,rain,"48698099999,48679099999,WSAP,48694099999,48699099999,WSSL"
15,Singapore,Marina Bay Street Circuit,1.2914,103.864,18,Marina Bay,2023-09-17,12:00:00,2023,Marina%20Bay%20Singapore,32.3,27.7,29.1,38.6,31.9,34.4,24.8,78.1,3.933,100.0,4.17,rain,0.0,0.0,23.8,24.4,102.0,1009.5,78.2,9.9,300.8,26.1,10.0,60.0,"Rain, Partially cloudy",Partly cloudy throughout the day with late afternoon rain.,rain,"48698099999,48679099999,WSAP,48694099999,48699099999,WSSL"
15,Singapore,Marina Bay Street Circuit,1.2914,103.864,18,Marina Bay,2024-09-22,12:00:00,2024,Marina%20Bay%20Singapore,31.6,25.2,28.0,0.0,0.0,37.2,24.0,80.0,3.0,4.8,2.0,,,,,16.2,179.9,1010.9,81.9,9.1,,,,,Partially cloudy,,partly-cloudy-day,
17,China,Shanghai International Circuit,31.3389,121.22,5,Shanghai,2012-04-15,7:00:00,2012,Shanghai%20China,20.7,13.0,16.1,20.7,13.0,16.1,10.5,70.5,0.0,0.0,0.0,,,,,15.0,138.3,1011.9,50.7,10.9,224.0,19.3,8.0,,Partially cloudy,Partly cloudy throughout the day.,partly-cloudy-day,"58367099999,ZSSS,58321199999,ZSPD,58362099999"
17,China,Shanghai International Circuit,31.3389,121.22,5,Shanghai,2013-04-14,7:00:00,2013,Shanghai%20China,28.1,12.8,19.1,27.0,12.8,19.0,6.8,46.9,0.0,0.0,0.0,,,,,33.0,260.7,1010.9,31.5,11.1,268.7,23.2,9.0,,Partially cloudy,Clearing in the afternoon.,partly-cloudy-day,"58367099999,ZSSS,58321199999,ZSPD,58362099999"
17,China,Shanghai International Circuit,31.3389,121.22,5,Shanghai,2014-04-20,7:00:00,2014,Shanghai%20China,16.8,13.0,14.9,16.8,13.0,14.9,11.0,78.2,0.7,100.0,25.0,rain,,,,17.2,48.8,1016.8,87.3,9.2,218.1,18.6,8.0,,"Rain, Partially cloudy",Partly cloudy throughout the day with a chance of rain throughout the day.,rain,"58367099999,ZSSS,58321199999,ZSPD,58362099999"
17,China,Shanghai International Circuit,31.3389,121.22,5,Shanghai,2015-04-12,6:00:00,2015,Shanghai%20China,21.1,12.6,15.9,21.1,12.6,15.9,8.2,61.9,0.1,100.0,4.17,rain,0.0,0.0,46.8,23.9,142.2,1019.7,64.1,10.2,252.8,21.9,9.0,,"Rain, Partially cloudy",Clearing in the afternoon with morning rain.,rain,"58367099999,ZSSS,58321199999,ZSPD,58362099999"
17,China,Shanghai International Circuit,31.3389,121.22,5,Shanghai,2016-04-17,6:00:00,2016,Shanghai%20China,21.7,14.8,17.7,21.7,14.8,17.7,8.5,57.4,0.0,0.0,0.0,,0.0,0.0,54.0,23.8,355.7,1015.6,58.1,10.1,290.8,25.1,10.0,,Partially cloudy,Partly cloudy throughout the day.,partly-cloudy-day,"58367099999,ZSSS,58321199999,ZSPD,58362099999"
17,China,Shanghai International Circuit,31.3389,121.22,5,Shanghai,2017-04-09,6:00:00,2017,Shanghai%20China,14.4,11.0,12.5,14.4,11.0,12.5,10.7,89.2,5.6,100.0,8.33,rain,0.0,0.0,50.4,28.7,34.7,1011.9,83.1,7.3,48.2,4.3,2.0,,"Rain, Partially cloudy",Partly cloudy throughout the day with rain.,rain,"58367099999,ZSSS,58321199999,ZSPD,58362099999"
17,China,Shanghai International Circuit,31.3389,121.22,5,Shanghai,2018-04-15,6:10:00,2018,Shanghai%20China,19.8,11.0,15.2,19.8,11.0,15.2,5.7,57.7,0.1,100.0,4.17,rain,0.0,0.0,29.9,21.9,327.3,1019.1,19.9,8.8,252.8,21.8,8.0,,Rain,Clear conditions throughout the day with morning rain.,rain,"58367099999,ZSSS,58321199999,ZSPD,E3870,58362099999"
17,China,Shanghai International Circuit,31.3389,121.22,5,Shanghai,2019-04-14,6:10:00,2019,Shanghai%20China,19.5,10.7,15.7,19.5,10.7,15.7,10.6,73.1,0.0,0.0,0.0,,0.0,0.0,43.6,29.1,18.8,1018.4,22.0,8.8,110.4,9.6,4.0,,Partially cloudy,Partly cloudy throughout the day.,partly-cloudy-day,"58367099999,ZSSS,58321199999,ZSPD,E3870,58362099999"
17,China,Shanghai International Circuit,31.3389,121.22,5,Shanghai,2024-04-21,7:00:00,2024,Shanghai%20China,19.7,14.9,17.0,19.7,14.9,17.0,12.9,77.2,0.5,100.0,12.5,rain,0.0,0.0,28.8,15.6,8.8,1011.5,79.9,10.4,193.4,16.6,9.0,10.0,"Rain, Partially cloudy",Partly cloudy throughout the day with rain.,rain,"58367099999,ZSSS,58321199999,ZSPD,58362099999"
18,Brazil,Autódromo José Carlos Pace,-23.7036,-46.6997,785,São Paulo,2012-11-25,16:00:00,2012,São%20Paulo%20Brazil,22.0,17.5,19.4,22.0,17.5,19.4,16.2,81.8,0.0,0.0,0.0,,,,,21.8,163.6,1016.4,94.5,6.6,217.3,18.8,7.0,,Overcast,Cloudy skies throughout the day.,cloudy,"SBMT,83779099999,SBSP,SBGR,83780099999"
18,Brazil,Autódromo José Carlos Pace,-23.7036,-46.6997,785,São Paulo,2013-11-24,16:00:00,2013,São%20Paulo%20Brazil,22.6,17.9,19.6,22.6,17.9,19.6,16.8,84.1,9.1,100.0,8.33,rain,,,,19.5,137.4,1017.5,98.7,7.9,173.8,15.0,6.0,,"Rain, Overcast",Cloudy skies throughout the day with rain.,rain,"SBMT,83779099999,SBSP,SBGR,83780099999"
18,Brazil,Autódromo José Carlos Pace,-23.7036,-46.6997,785,São Paulo,2014-11-09,16:00:00,2014,São%20Paulo%20Brazil,24.5,18.6,21.0,24.5,18.6,21.0,15.4,70.9,0.3,100.0,4.17,rain,,,,23.4,142.0,1016.3,81.6,9.4,309.5,26.6,10.0,,"Rain, Partially cloudy",Partly cloudy throughout the day with early morning rain.,rain,"SBMT,83779099999,SBSP,SBGR,83780099999"
18,Brazil,Autódromo José Carlos Pace,-23.7036,-46.6997,785,São Paulo,2015-11-15,16:00:00,2015,São%20Paulo%20Brazil,28.4,18.5,22.4,28.9,18.5,22.5,17.6,75.1,5.0,100.0,4.17,rain,0.0,0.0,32.8,20.4,191.1,1015.2,73.1,9.8,198.4,17.1,8.0,,"Rain, Partially cloudy",Partly cloudy throughout the day with morning rain.,rain,"SBMT,83779099999,SBSP,SBGR,83780099999"
18,Brazil,Autódromo José Carlos Pace,-23.7036,-46.6997,785,São Paulo,2016-11-13,16:00:00,2016,São%20Paulo%20Brazil,18.6,17.0,17.9,18.6,17.0,17.9,16.0,88.9,0.3,100.0,4.17,rain,0.0,0.0,39.2,15.6,130.9,1016.1,94.9,7.7,61.8,5.4,2.0,,"Rain, Overcast",Cloudy skies throughout the day with late afternoon rain.,rain,"SBMT,83779099999,83075099999,SBKP,SBSP,SBGR,83780099999,86910099999"
18,Brazil,Autódromo José Carlos Pace,-23.7036,-46.6997,785,São Paulo,2017-11-12,16:00:00,2017,São%20Paulo%20Brazil,28.0,12.2,20.6,26.9,12.2,20.5,8.3,50.8,0.0,0.0,0.0,,0.0,0.0,33.8,20.7,277.9,1010.7,18.4,10.5,346.5,30.0,10.0,,Clear,Clear conditions throughout the day.,clear-day,"SBMT,83779099999,SBSP,SBGR,83780099999"
18,Brazil,Autódromo José Carlos Pace,-23.7036,-46.6997,785,São Paulo,2018-11-11,17:10:00,2018,São%20Paulo%20Brazil,27.7,19.0,21.8,28.4,19.0,21.9,17.5,77.5,0.0,0.0,0.0,,0.0,0.0,31.7,20.8,132.0,1014.9,75.1,8.8,232.7,20.1,9.0,,Partially cloudy,Partly cloudy throughout the day.,partly-cloudy-day,"SBMT,83779099999,SBSP,SBGR,83780099999"
18,Brazil,Autódromo José Carlos Pace,-23.7036,-46.6997,785,São Paulo,2019-11-17,17:10:00,2019,São%20Paulo%20Brazil,23.6,14.9,18.3,23.6,14.9,18.3,12.8,71.3,0.0,0.0,0.0,,0.0,0.0,42.1,23.6,138.3,1015.4,49.1,10.6,318.9,27.3,10.0,,Partially cloudy,Partly cloudy throughout the day.,partly-cloudy-day,"SBMT,83779099999,SBSP,SBGR,83780099999"
18,Brazil,Autódromo José Carlos Pace,-23.7036,-46.6997,785,São Paulo,2021-11-14,17:00:00,2021,São%20Paulo%20Brazil,24.7,14.0,17.5,24.7,14.0,17.5,11.9,70.9,0.0,0.0,0.0,,0.0,0.0,42.5,23.4,122.4,1018.7,65.3,10.6,267.0,22.9,8.0,,Partially cloudy,Partly cloudy throughout the day.,partly-cloudy-day,"SBMT,83779099999,SBSP,F7461,SBGR,83780099999"
18,Brazil,Autódromo José Carlos Pace,-23.7036,-46.6997,785,São Paulo,2022-11-13,18:00:00,2022,São%20Paulo%20Brazil,30.0,18.9,22.4,29.2,18.9,22.3,16.5,72.2,0.0,0.0,0.0,,0.0,0.0,19.8,18.9,113.7,1014.2,52.5,10.1,222.7,19.2,8.0,10.0,Partially cloudy,Partly cloudy throughout the day.,partly-cloudy-day,"SBMT,83779099999,83781099999,SBSP,F7461,SBGR,83780099999"
18,Brazil,Autódromo José Carlos Pace,-23.7036,-46.6997,785,São Paulo,2023-11-05,17:00:00,2023,São%20Paulo%20Brazil,21.6,14.0,17.3,21.6,14.0,17.3,11.9,71.6,0.0,0.0,0.0,,0.0,0.0,24.8,21.2,147.5,1018.3,35.8,11.1,241.9,20.7,8.0,10.0,Partially cloudy,Partly cloudy throughout the day.,partly-cloudy-day,"SBMT,83779099999,F7461,SBSP,SBGR,83780099999"
18,Brazil,Autódromo José Carlos Pace,-23.7036,-46.6997,785,São Paulo,2024-11-03,17:00:00,2024,São%20Paulo%20Brazil,27.0,17.3,21.5,0.0,0.0,30.1,15.5,71.7,0.8,0.0,0.0,,,,49.3,22.3,172.3,1012.8,57.7,9.6,,,,,Partially cloudy,,partly-cloudy-day,
20,Germany,Nürburgring,50.3356,6.9475,578,Nürburg,2013-07-07,12:00:00,2013,Nürburg%20Germany,24.9,15.2,20.1,24.9,15.2,20.1,12.3,63.3,0.0,0.0,0.0,,0.0,0.0,30.9,21.6,56.3,1028.5,11.4,12.3,,,,,Clear,Clear conditions throughout the day.,clear-day,"06494099999,EDFH,ETAD,06496099999,10607099999,10613099999"
20,Germany,Nürburgring,50.3356,6.9475,578,Nürburg,2020-10-11,13:10:00,2020,Nürburg%20Germany,9.9,5.2,7.4,9.2,3.6,6.1,4.1,80.3,0.146,100.0,33.33,rain,0.0,0.0,33.5,15.0,263.4,1020.5,63.1,35.7,78.1,6.7,4.0,,"Rain, Partially cloudy",Partly cloudy throughout the day with a chance of rain throughout the day.,rain,"03660,AR293,03155,04508,00161,02497"
21,Italy,Autodromo Enzo e Dino Ferrari,44.3439,11.7167,37,Imola,2020-11-01,12:10:00,2020,Imola%20Italy,16.5,11.1,13.1,16.5,11.1,13.1,11.9,92.5,0.13,100.0,8.33,rain,0.0,0.0,16.9,7.6,237.8,1022.3,68.9,6.8,495.5,42.7,4.0,,"Rain, Partially cloudy",Partly cloudy throughout the day with rain.,rain,"16170099999,E3949,D2609,16146099999,16171099999,16140099999"
21,Italy,Autodromo Enzo e Dino Ferrari,44.3439,11.7167,37,Imola,2021-04-18,13:00:00,2021,Imola%20Italy,14.2,5.7,9.9,14.2,4.8,9.8,2.6,60.9,0.347,100.0,4.17,rain,0.0,0.0,36.0,9.9,87.2,1015.8,43.4,10.0,153.3,13.4,7.0,,"Rain, Partially cloudy",Partly cloudy throughout the day with afternoon rain.,rain,"16170099999,16132099999,D2609,16146099999,16133099999,16171099999,16140099999"
21,Italy,Autodromo Enzo e Dino Ferrari,44.3439,11.7167,37,Imola,2022-04-24,13:00:00,2022,Imola%20Italy,15.9,10.6,12.8,15.9,10.6,12.8,10.0,83.7,10.485,100.0,16.67,rain,0.0,0.0,47.9,14.8,139.0,1005.6,62.9,9.8,113.8,10.0,6.0,,"Rain, Partially cloudy",Partly cloudy throughout the day with a chance of rain throughout the day.,rain,"16170099999,D2609,16146099999,16171099999,16140099999"
21,Italy,Autodromo Enzo e Dino Ferrari,44.3439,11.7167,37,Imola,2024-05-19,13:00:00,2024,Imola%20Italy,24.1,14.8,19.1,24.1,14.8,19.1,14.8,78.1,0.0,67.7,0.0,rain,0.0,0.0,29.5,13.0,80.9,1011.2,43.8,10.9,194.2,16.8,7.0,10.0,"Rain, Partially cloudy",Partly cloudy throughout the day with a chance of rain.,rain,"LIPE,LIPC,D2609,LIVM,LIPK"
22,Japan,Suzuka Circuit,34.8431,136.541,45,Suzuka,2012-10-07,6:00:00,2012,Suzuka%20Japan,25.6,15.4,20.3,25.6,15.4,20.3,13.4,66.8,0.751,100.0,8.33,rain,,,,14.2,321.7,1015.8,24.0,18.8,221.9,19.3,8.0,,"Rain, Partially cloudy",Partly cloudy throughout the day with rain.,rain,"476,490,999,994,763,000,000,000,000,000,000,000,000,000,000,000,000,000,000,000,000,000"
22,Japan,Suzuka Circuit,34.8431,136.541,45,Suzuka,2013-10-13,6:00:00,2013,Suzuka%20Japan,24.8,12.9,18.6,24.8,12.9,18.6,9.5,57.6,0.0,0.0,0.0,,0.0,0.0,,13.9,322.2,1019.0,2.9,20.2,220.0,19.0,8.0,,Clear,Clear conditions throughout the day.,clear-day,"476,490,999,994,763,000,000,000,000,000,000,000,000,000,000,000,000,000,000,000,000,000"
22,Japan,Suzuka Circuit,34.8431,136.541,45,Suzuka,2014-10-05,6:00:00,2014,Suzuka%20Japan,19.3,17.6,18.7,19.3,17.6,18.7,17.6,93.8,19.291,100.0,16.67,rain,0.0,0.0,,9.5,4.1,1013.9,97.5,7.1,72.2,6.3,3.0,,"Rain, Overcast",Cloudy skies throughout the day with a chance of rain throughout the day.,rain,"476,490,999,994,763,000,000,000,000,000,000,000,000,000,000,000,000,000,000,000,000,000"
22,Japan,Suzuka Circuit,34.8431,136.541,45,Suzuka,2015-09-27,5:00:00,2015,Suzuka%20Japan,28.0,18.4,22.6,28.6,18.4,22.6,18.2,78.2,1.959,100.0,8.33,rain,0.0,0.0,35.3,12.0,318.0,1011.5,58.5,16.1,179.6,15.6,7.0,,"Rain, Partially cloudy",Partly cloudy throughout the day with rain clearing later.,rain,"476,490,999,994,763,000,000,000,000,000,000,000,000,000,000,000,000,000,000,000,000,000"
22,Japan,Suzuka Circuit,34.8431,136.541,45,Suzuka,2016-10-09,5:00:00,2016,Suzuka%20Japan,22.1,16.3,20.0,22.1,16.3,20.0,15.4,76.3,14.736,100.0,12.5,rain,0.0,0.0,52.6,15.2,322.2,1010.4,76.1,15.1,84.4,7.2,4.0,,"Rain, Partially cloudy",Partly cloudy throughout the day with a chance of rain throughout the day.,rain,"476,490,999,994,763,000,000,000,000,000,000,000,000,000,000,000,000,000,000,000,000,000"
22,Japan,Suzuka Circuit,34.8431,136.541,45,Suzuka,2017-10-08,5:00:00,2017,Suzuka%20Japan,26.5,16.4,21.1,26.5,16.4,21.1,18.3,85.4,0.0,0.0,0.0,,0.0,0.0,22.0,8.0,211.5,1022.2,41.8,14.5,175.6,15.1,7.0,,Partially cloudy,Partly cloudy throughout the day.,partly-cloudy-day,"476,490,999,994,763,000,000,000,000,000,000,000,000,000,000,000,000,000,000,000,000,000"
22,Japan,Suzuka Circuit,34.8431,136.541,45,Suzuka,2018-10-07,5:10:00,2018,Suzuka%20Japan,27.7,18.4,23.4,28.8,18.4,23.6,18.6,75.5,0.009,100.0,4.17,rain,0.0,0.0,39.2,13.6,319.9,1012.2,29.4,17.8,116.0,10.0,5.0,,"Rain, Partially cloudy",Partly cloudy throughout the day with early morning rain.,rain,"47649099999,47636099999,AU496,47653099999,47651099999,47761099999,47684099999"
22,Japan,Suzuka Circuit,34.8431,136.541,45,Suzuka,2019-10-13,5:10:00,2019,Suzuka%20Japan,24.1,17.8,21.0,24.1,17.8,21.0,14.4,66.1,0.0,0.0,0.0,,0.0,0.0,81.0,21.0,313.9,1011.3,28.0,20.1,136.1,11.7,8.0,,Partially cloudy,Partly cloudy throughout the day.,partly-cloudy-day,"47649099999,47636099999,AU496,47653099999,47651099999,47761099999,47684099999"
22,Japan,Suzuka Circuit,34.8431,136.541,45,Suzuka,2022-10-09,5:00:00,2022,Suzuka%20Japan,19.4,14.0,16.1,19.4,14.0,16.1,14.3,89.2,9.034,100.0,8.33,rain,0.0,0.0,32.0,9.6,323.9,1021.2,95.3,16.3,35.8,3.3,2.0,10.0,"Rain, Overcast",Cloudy skies throughout the day with rain.,rain,"476,490,999,994,763,000,000,000,000,000,000,000,000,000,000,000,000,000,000,000,000,000"
22,Japan,Suzuka Circuit,34.8431,136.541,45,Suzuka,2023-09-24,5:00:00,2023,Suzuka%20Japan,26.6,21.9,23.9,26.6,21.9,23.9,16.4,62.9,0.0,0.0,0.0,,0.0,0.0,15.5,24.1,299.4,1016.5,43.7,10.7,176.4,15.2,10.0,10.0,Partially cloudy,Partly cloudy throughout the day.,partly-cloudy-day,"47636099999,47634599999,AU496,47651099999,RJGG"
22,Japan,Suzuka Circuit,34.8431,136.541,45,Suzuka,2024-04-07,5:00:00,2024,Suzuka%20Japan,22.9,11.2,16.6,22.9,11.2,16.6,12.0,76.6,0.0,0.0,0.0,,0.0,0.0,12.2,10.8,112.5,1017.8,79.5,15.5,134.9,11.6,8.0,10.0,Partially cloudy,Partly cloudy throughout the day.,partly-cloudy-day,"47649099999,47636099999,AU496,47653099999,47651099999,47761099999,47684099999"
24,UAE,Yas Marina Circuit,24.4672,54.6031,3,Abu Dhabi,2012-11-04,13:00:00,2012,Abu%20Dhabi%20UAE,32.0,23.8,28.2,32.4,23.8,29.1,19.3,60.2,0.0,0.0,0.0,,,,,21.1,359.3,1013.0,9.1,10.1,223.2,19.3,8.0,,Clear,Clear conditions throughout the day.,clear-day,"41216099999,41217099999,OMAD,OMAA"
24,UAE,Yas Marina Circuit,24.4672,54.6031,3,Abu Dhabi,2013-11-03,13:00:00,2013,Abu%20Dhabi%20UAE,36.0,25.0,29.5,34.8,25.0,30.2,18.1,53.1,0.0,0.0,0.0,,,,,16.6,112.9,1013.5,19.6,9.5,222.1,19.1,8.0,,Clear,Clear conditions throughout the day.,clear-day,"41216099999,41217099999,OMAD,OMAA"
24,UAE,Yas Marina Circuit,24.4672,54.6031,3,Abu Dhabi,2014-11-23,13:00:00,2014,Abu%20Dhabi%20UAE,30.0,19.8,24.1,29.7,19.8,24.2,19.5,77.8,0.0,0.0,0.0,,,,,17.4,28.6,1013.7,11.9,6.6,205.0,17.8,8.0,,Clear,Clear conditions throughout the day.,clear-day,"41216099999,41217099999,OMAD,OMAA"
24,UAE,Yas Marina Circuit,24.4672,54.6031,3,Abu Dhabi,2015-11-29,13:00:00,2015,Abu%20Dhabi%20UAE,28.1,21.0,24.5,28.8,21.0,24.7,17.9,68.5,0.1,100.0,4.17,rain,0.0,0.0,29.5,22.5,278.3,1016.1,29.5,9.0,176.6,15.1,7.0,,"Rain, Partially cloudy",Partly cloudy throughout the day with early morning rain.,rain,"41216099999,41217099999,OMAD,OMAA"
24,UAE,Yas Marina Circuit,24.4672,54.6031,3,Abu Dhabi,2016-11-27,13:00:00,2016,Abu%20Dhabi%20UAE,29.0,20.1,24.4,28.2,20.1,24.4,16.3,61.8,0.0,0.0,0.0,,0.0,0.0,31.7,16.8,17.4,1016.7,4.8,10.0,189.0,16.2,7.0,,Clear,Clear conditions throughout the day.,clear-day,"41216099999,41217099999,OMAD,OMAA"
24,UAE,Yas Marina Circuit,24.4672,54.6031,3,Abu Dhabi,2017-11-26,13:00:00,2017,Abu%20Dhabi%20UAE,26.8,22.1,24.2,26.7,22.1,24.2,13.7,52.2,0.0,0.0,0.0,,0.0,0.0,37.4,23.7,315.3,1019.7,33.7,10.0,166.6,14.5,6.0,,Partially cloudy,Partly cloudy throughout the day.,partly-cloudy-day,"41216099999,41217099999,OMAD,OMAA"
24,UAE,Yas Marina Circuit,24.4672,54.6031,3,Abu Dhabi,2018-11-25,13:10:00,2018,Abu%20Dhabi%20UAE,33.1,23.0,27.1,33.5,23.0,27.2,17.7,58.9,1.0,100.0,8.33,rain,0.0,0.0,51.5,33.4,120.8,1015.5,16.7,8.8,170.7,14.7,6.0,,Rain,Clear conditions throughout the day with late afternoon rain.,rain,"41216099999,41217099999,OMAD,OMAA"
24,UAE,Yas Marina Circuit,24.4672,54.6031,3,Abu Dhabi,2019-12-01,13:10:00,2019,Abu%20Dhabi%20UAE,28.0,20.9,24.1,28.8,20.9,24.2,18.7,73.0,0.0,0.0,0.0,,0.0,0.0,24.1,13.4,282.1,1016.8,29.6,8.8,171.9,15.0,6.0,,Partially cloudy,Partly cloudy throughout the day.,partly-cloudy-day,"41216099999,41217099999,OMAD,OMAA"
24,UAE,Yas Marina Circuit,24.4672,54.6031,3,Abu Dhabi,2020-12-13,13:10:00,2020,Abu%20Dhabi%20UAE,24.9,18.8,22.2,24.9,18.8,22.2,12.2,53.6,0.0,0.0,0.0,,0.0,0.0,32.8,20.3,318.5,1017.2,33.5,10.0,150.3,13.0,6.0,,Partially cloudy,Clearing in the afternoon.,partly-cloudy-day,"41216099999,41217099999,OMAD,OMAA"
24,UAE,Yas Marina Circuit,24.4672,54.6031,3,Abu Dhabi,2021-12-12,13:00:00,2021,Abu%20Dhabi%20UAE,26.0,21.1,23.6,26.0,21.1,23.6,15.5,60.8,0.0,0.0,0.0,,0.0,0.0,29.9,20.5,310.4,1018.4,36.1,10.0,153.4,13.3,6.0,,Partially cloudy,Partly cloudy throughout the day.,partly-cloudy-day,"41216099999,41217099999,OMAD,OMAA,remote"
24,UAE,Yas Marina Circuit,24.4672,54.6031,3,Abu Dhabi,2022-11-20,13:00:00,2022,Abu%20Dhabi%20UAE,30.0,26.7,28.1,32.4,26.7,29.9,20.3,62.8,0.0,0.0,0.0,,0.0,0.0,33.1,24.5,320.8,1015.0,19.7,10.0,189.9,16.3,7.0,30.0,Clear,Clear conditions throughout the day.,clear-day,"41216099999,41217099999,OMAD,OMAA"
24,UAE,Yas Marina Circuit,24.4672,54.6031,3,Abu Dhabi,2023-11-26,13:00:00,2023,Abu%20Dhabi%20UAE,28.8,21.8,25.4,28.3,21.8,25.3,15.8,56.8,0.0,0.0,0.0,,0.0,0.0,22.7,17.2,340.4,1015.4,34.3,10.0,186.2,16.1,7.0,10.0,Partially cloudy,Clearing in the afternoon.,partly-cloudy-day,"41216099999,41217099999,OMAD,OMAA"
24,UAE,Yas Marina Circuit,24.4672,54.6031,3,Abu Dhabi,2024-12-08,13:00:00,2024,Abu%20Dhabi%20UAE,27.3,18.7,22.7,0.0,0.0,28.2,15.3,64.9,0.1,0.0,0.0,,,,70.6,21.6,207.5,1016.2,14.9,9.4,,,,,Clear,,clear-day,
32,Mexico,Autódromo Hermanos Rodríguez,19.4042,-99.0907,2227,Mexico City,2015-11-01,19:00:00,2015,Mexico%20City%20Mexico,23.7,9.1,16.7,23.7,8.0,16.6,11.7,76.1,0.2,100.0,4.17,rain,0.0,0.0,23.0,20.5,119.6,1019.2,73.8,11.2,169.2,14.5,7.0,,"Rain, Partially cloudy",Partly cloudy throughout the day with late afternoon rain.,rain,"76681099999,76726099999,76675399999,76679399999,76727099999,76680099999,MMCB,remote,MMSM,76675099999,MMTO"
32,Mexico,Autódromo Hermanos Rodríguez,19.4042,-99.0907,2227,Mexico City,2016-10-30,19:00:00,2016,Mexico%20City%20Mexico,21.3,3.1,12.0,21.3,3.1,11.9,7.5,76.9,1.0,100.0,4.17,rain,0.0,0.0,28.1,24.1,317.3,1023.9,74.1,8.1,198.8,17.8,9.0,,"Rain, Partially cloudy",Partly cloudy throughout the day with late afternoon rain.,rain,"76726099999,76675399999,76679399999,76680099999,MMCB,remote,76675099999,MMTO,MMMX"
32,Mexico,Autódromo Hermanos Rodríguez,19.4042,-99.0907,2227,Mexico City,2017-10-29,19:00:00,2017,Mexico%20City%20Mexico,23.4,8.1,15.5,23.4,7.4,15.5,9.0,67.8,0.0,0.0,0.0,,0.0,0.0,20.2,15.0,213.7,1017.7,54.0,7.9,190.9,17.0,8.0,,Partially cloudy,Partly cloudy throughout the day.,partly-cloudy-day,"76681099999,76726099999,76675399999,76679399999,76680099999,MMCB,remote,MMMX,76675099999,MMTO"
32,Mexico,Autódromo Hermanos Rodríguez,19.4042,-99.0907,2227,Mexico City,2018-10-28,19:10:00,2018,Mexico%20City%20Mexico,26.0,9.1,14.6,26.0,8.6,14.6,10.1,75.6,0.116,100.0,4.17,rain,0.0,0.0,27.4,22.3,1.3,1021.8,82.1,10.7,159.1,14.3,7.0,,"Rain, Partially cloudy",Partly cloudy throughout the day with early morning rain.,rain,"76726099999,76675399999,76679399999,76680099999,MMCB,remote,MMMX,76675099999,MMTO"
32,Mexico,Autódromo Hermanos Rodríguez,19.4042,-99.0907,2227,Mexico City,2019-10-27,19:10:00,2019,Mexico%20City%20Mexico,26.0,9.3,16.1,26.0,9.3,16.1,12.4,80.4,2.9,100.0,33.33,rain,0.0,0.0,18.7,20.6,280.6,1016.9,73.8,7.0,180.0,16.3,7.0,,"Rain, Partially cloudy",Partly cloudy throughout the day with rain.,rain,"76681099999,76726099999,76675399999,76679399999,76727099999,76680099999,MMCB,remote,76675099999,MMTO,MMMX"
32,Mexico,Autódromo Hermanos Rodríguez,19.4042,-99.0907,2227,Mexico City,2021-11-07,19:00:00,2021,Mexico%20City%20Mexico,23.0,2.5,12.0,23.0,0.8,11.4,5.1,67.5,0.0,0.0,0.0,,0.0,0.0,27.0,25.9,0.2,1022.8,33.9,10.3,254.2,22.0,9.0,,Partially cloudy,Partly cloudy throughout the day.,partly-cloudy-day,"76675399999,76679399999,76680099999,MMCB,remote,76675099999,MMTO,MMMX"
32,Mexico,Autódromo Hermanos Rodríguez,19.4042,-99.0907,2227,Mexico City,2022-10-30,20:00:00,2022,Mexico%20City%20Mexico,24.4,10.0,18.0,24.4,9.7,18.0,10.5,64.9,0.386,100.0,4.17,rain,0.0,0.0,14.4,13.3,113.6,1019.9,73.4,12.1,187.2,16.6,7.0,10.0,"Rain, Partially cloudy",Partly cloudy throughout the day with late afternoon rain.,rain,"76726099999,76675399999,76679399999,76680099999,MMCB,remote,MMMX,MMTO,76675099999"
32,Mexico,Autódromo Hermanos Rodríguez,19.4042,-99.0907,2227,Mexico City,2023-10-29,20:00:00,2023,Mexico%20City%20Mexico,26.4,9.0,18.5,26.4,9.0,18.5,8.5,58.0,0.0,0.0,0.0,,0.0,0.0,19.8,13.8,3.5,1014.7,28.4,13.1,266.3,22.8,9.0,10.0,Partially cloudy,Partly cloudy throughout the day.,partly-cloudy-day,"76726099999,76675399999,76679399999,76680099999,MMCB,remote,MMSM,76675099999,MMTO,MMMX"
32,Mexico,Autódromo Hermanos Rodríguez,19.4042,-99.0907,2227,Mexico City,2024-10-27,20:00:00,2024,Mexico%20City%20Mexico,19.2,9.5,14.3,0.0,0.0,26.8,8.0,69.2,10.0,3.0,1.0,,,,22.7,15.5,149.1,1010.4,57.9,11.6,,,,,Partially cloudy,,partly-cloudy-day,
34,France,Circuit Paul Ricard,43.2506,5.79167,432,Le Castellet,2018-06-24,14:10:00,2018,Le%20Castellet%20France,26.6,17.2,22.0,26.6,17.2,22.0,15.3,66.5,0.743,100.0,8.33,rain,0.0,0.0,38.1,21.6,42.8,1016.3,85.9,30.6,247.2,21.4,8.0,,"Rain, Partially cloudy",Partly cloudy throughout the day with late afternoon rain.,rain,"E5345,E0050,07648099999,07678099999,07647099999,07650099999,07667099999,07675099999"
34,France,Circuit Paul Ricard,43.2506,5.79167,432,Le Castellet,2019-06-23,13:10:00,2019,Le%20Castellet%20France,28.8,16.3,22.9,28.6,16.3,23.0,16.2,67.9,0.0,0.0,0.0,,0.0,0.0,37.6,21.9,262.0,1014.7,67.1,36.3,207.2,17.7,8.0,,Partially cloudy,Partly cloudy throughout the day.,partly-cloudy-day,"E0050,E8668,07648099999,07678099999,E6174,07647099999,07650099999,07667099999,07675099999"
34,France,Circuit Paul Ricard,43.2506,5.79167,432,Le Castellet,2021-06-20,13:00:00,2021,Le%20Castellet%20France,26.7,22.5,24.5,28.1,22.5,24.5,19.8,75.8,0.454,100.0,16.67,rain,0.0,0.0,49.0,27.2,110.2,1010.9,92.3,21.6,99.4,8.7,4.0,,"Rain, Overcast",Cloudy skies throughout the day with rain.,rain,"E0050,07648099999,07678099999,07647099999,07650099999,07667099999,07675099999"
34,France,Circuit Paul Ricard,43.2506,5.79167,432,Le Castellet,2022-07-24,13:00:00,2022,Le%20Castellet%20France,32.5,21.8,27.7,34.8,21.8,28.8,19.8,63.2,0.0,0.0,0.0,,0.0,0.0,32.2,18.4,234.8,1015.9,0.3,30.3,302.3,26.1,9.0,,Clear,Clear conditions throughout the day.,clear-day,"E0050,07648099999,07678099999,E6174,07647099999,07650099999,07667099999,07675099999"
35,Korea,Korean International Circuit,34.7333,126.417,0,Yeongam County,2012-10-14,6:00:00,2012,Yeongam%20South%20Korea,20.6,14.2,16.6,20.6,14.2,16.6,13.5,82.7,49.259,100.0,12.5,rain,,,46.8,18.4,148.7,1013.0,91.9,10.7,74.4,6.5,3.0,,"Rain, Overcast",Cloudy skies throughout the day with a chance of rain throughout the day.,rain,"LWOH,LGKZ,16614099999,13578099999,13461599999,13629099999,13583099999"
35,Korea,Korean International Circuit,34.7333,126.417,0,Yeongam County,2013-10-06,6:00:00,2013,Yeongam%20South%20Korea,16.4,6.0,10.8,16.4,4.3,10.6,5.2,69.2,0.0,0.0,0.0,,,,22.3,13.8,160.7,1025.3,80.2,13.4,74.6,6.3,3.0,,Partially cloudy,Partly cloudy throughout the day.,partly-cloudy-day,"LWOH,LGKZ,16614099999,13578099999,13461599999,13629099999,13583099999"
39,Netherlands,Circuit Park Zandvoort,52.3888,4.54092,6,Zandvoort,2021-09-05,13:00:00,2021,Zandvoort%20Netherlands,21.5,11.0,16.2,21.5,11.0,16.2,12.3,79.4,0.0,0.0,0.0,,0.0,0.0,28.8,16.8,57.3,1021.3,48.0,24.7,197.8,17.1,7.0,,Partially cloudy,Partly cloudy throughout the day.,partly-cloudy-day,"E5029,06348099999,06249099999,06240099999,F5767,06330099999,06257099999,06344099999,E9826"
39,Netherlands,Circuit Park Zandvoort,52.3888,4.54092,6,Zandvoort,2022-09-04,13:00:00,2022,Zandvoort%20Netherlands,24.4,15.6,19.9,24.4,15.6,19.9,15.1,74.5,0.012,100.0,4.17,rain,0.0,0.0,23.2,14.0,127.0,1016.4,82.8,29.4,150.2,12.9,5.0,,"Rain, Partially cloudy",Partly cloudy throughout the day with early morning rain.,rain,"E5029,06348099999,06249099999,06240099999,06330099999,06257099999,06344099999"
39,Netherlands,Circuit Park Zandvoort,52.3888,4.54092,6,Zandvoort,2023-08-27,13:00:00,2023,Zandvoort%20Netherlands,17.3,12.8,15.5,17.3,12.8,15.5,12.3,81.4,9.905,100.0,12.5,rain,0.0,0.0,43.2,23.5,228.9,1008.2,30.3,13.8,111.2,9.7,6.0,,"Rain, Partially cloudy",Partly cloudy throughout the day with rain.,rain,"E5029,06348099999,06249099999,06240099999,06330099999,remote,06257099999,06344099999"
39,Netherlands,Circuit Park Zandvoort,52.3888,4.54092,6,Zandvoort,2024-08-25,13:00:00,2024,Zandvoort%20Netherlands,18.8,15.2,17.0,0.0,0.0,31.2,13.9,83.0,4.2,4.8,2.0,,,,31.0,18.7,182.5,1013.8,25.5,17.9,,,,,Partially cloudy,,partly-cloudy-day,
68,India,Buddh International Circuit,28.3487,77.5331,194,Uttar Pradesh,2012-10-28,9:30:00,2012,Greater%20Noida%20India,29.2,16.1,21.6,28.0,16.1,21.5,12.4,59.5,0.0,0.0,0.0,,,,,11.2,279.6,1014.9,0.0,1.1,173.9,15.0,6.0,,Clear,Clear conditions throughout the day.,clear-day,"42182099999,VIDP,42181099999"
68,India,Buddh International Circuit,28.3487,77.5331,194,Uttar Pradesh,2013-10-27,9:30:00,2013,Greater%20Noida%20India,30.1,18.5,22.9,29.3,18.5,22.8,16.0,69.0,0.0,0.0,0.0,,,,,12.0,294.2,1010.9,0.0,1.4,143.5,12.6,5.0,,Clear,Clear conditions throughout the day.,clear-day,"42182099999,VIDP,42181099999,remote"
69,USA,Circuit of the Americas,30.1328,-97.6411,161,Austin,2012-11-18,19:00:00,2012,Austin%20USA,23.1,6.7,14.8,23.1,6.7,14.8,6.1,58.1,0.0,0.0,0.0,,0.0,0.0,35.3,18.8,163.3,1024.3,15.7,15.9,,,,,Clear,Clear conditions throughout the day.,clear-day,"KATT,KAUS,72064800230,KEDC,72254013904,72254413958"
69,USA,Circuit of the Americas,30.1328,-97.6411,161,Austin,2013-11-17,19:00:00,2013,Austin%20USA,31.7,19.6,25.0,31.5,19.6,25.1,18.7,71.6,0.0,0.0,0.0,,0.0,0.0,27.7,13.3,201.9,1009.9,47.6,15.9,,,,,Partially cloudy,Clearing in the afternoon.,partly-cloudy-day,"KATT,KAUS,72064800230,KEDC,72254013904,72254413958"
69,USA,Circuit of the Americas,30.1328,-97.6411,161,Austin,2014-11-02,20:00:00,2014,Austin%20USA,23.7,7.8,15.4,23.7,7.3,15.4,7.4,60.5,0.0,0.0,0.0,,0.0,0.0,37.0,17.9,147.9,1024.4,31.3,16.0,,,,,Partially cloudy,Partly cloudy throughout the day.,partly-cloudy-day,"KATT,KAUS,72064800230,KEDC,72254013904,72254413958"
69,USA,Circuit of the Americas,30.1328,-97.6411,161,Austin,2015-10-25,19:00:00,2015,Austin%20USA,17.3,14.3,15.8,17.3,14.3,15.8,14.0,89.1,17.41,100.0,58.33,rain,0.0,0.0,48.1,24.4,343.2,1016.3,99.4,13.8,59.3,5.1,3.0,,"Rain, Overcast",Cloudy skies throughout the day with a chance of rain throughout the day.,rain,"KATT,KAUS,72064800230,KEDC,72254013904,72254413958"
69,USA,Circuit of the Americas,30.1328,-97.6411,161,Austin,2016-10-23,19:00:00,2016,Austin%20USA,28.8,12.0,20.0,28.2,12.0,19.9,12.5,64.9,0.0,0.0,0.0,,0.0,0.0,37.1,16.1,166.1,1020.9,17.6,15.8,,,,,Clear,Clear conditions throughout the day.,clear-day,"KATT,KAUS,72064800230,KEDC,72254013904,72254413958"
69,USA,Circuit of the Americas,30.1328,-97.6411,161,Austin,2017-10-22,19:00:00,2017,Austin%20USA,25.8,14.8,21.9,25.8,14.8,21.9,16.0,72.3,17.524,100.0,12.5,rain,0.0,0.0,53.6,18.1,343.3,1017.9,40.1,15.3,,,,,"Rain, Partially cloudy",Partly cloudy throughout the day with rain in the morning and afternoon.,rain,"KATT,KAUS,72064800230,KEDC,72254013904,72254413958"
69,USA,Circuit of the Americas,30.1328,-97.6411,161,Austin,2018-10-21,18:10:00,2018,Austin%20USA,22.8,13.4,17.6,22.8,13.4,17.6,8.4,56.7,0.0,0.0,0.0,,0.0,0.0,33.5,15.4,26.9,1024.3,17.5,16.0,148.2,12.7,7.0,,Clear,Clear conditions throughout the day.,clear-day,"E5346,KATT,KAUS,72064800230,C6155,KEDC,72254013904,EAUT2,72254413958,D9418"
69,USA,Circuit of the Americas,30.1328,-97.6411,161,Austin,2019-11-03,19:10:00,2019,Austin%20USA,22.8,4.9,13.7,22.8,4.9,13.7,4.3,58.3,0.0,0.0,0.0,,0.0,0.0,37.1,16.4,170.4,1022.2,9.9,15.9,149.8,13.5,6.0,,Clear,Clear conditions throughout the day.,clear-day,"KATT,KAUS,72064800230,E4737,KEDC,72254013904,EAUT2,72254413958"
69,USA,Circuit of the Americas,30.1328,-97.6411,161,Austin,2021-10-24,19:00:00,2021,Austin%20USA,30.3,20.7,24.2,31.9,20.7,24.5,19.7,77.5,0.079,100.0,8.33,rain,0.0,0.0,31.7,16.2,171.2,1010.0,62.2,14.1,131.0,11.2,6.0,,"Rain, Partially cloudy",Partly cloudy throughout the day with morning rain.,rain,"KATT,KAUS,72064800230,72254013904,72254413958,D9418,E5093"
69,USA,Circuit of the Americas,30.1328,-97.6411,161,Austin,2022-10-23,19:00:00,2022,Austin%20USA,30.7,19.1,24.4,31.0,19.1,24.6,18.1,69.8,0.0,0.0,0.0,,0.0,0.0,57.2,25.9,171.5,1010.1,61.0,16.0,123.9,10.8,5.0,10.0,Partially cloudy,Partly cloudy throughout the day.,partly-cloudy-day,"KATT,KAUS,72254013904,72254413958,D9418,E5093"
69,USA,Circuit of the Americas,30.1328,-97.6411,161,Austin,2023-10-22,19:00:00,2023,Austin%20USA,31.5,18.7,24.6,31.0,18.7,24.7,18.3,71.2,0.0,0.0,0.0,,0.0,0.0,37.4,16.9,154.9,1012.1,28.3,15.3,193.3,16.9,7.0,10.0,Partially cloudy,Partly cloudy throughout the day.,partly-cloudy-day,"KATT,KAUS,72064800230,KEDC,72254013904,72254413958,D9418"
69,USA,Circuit of the Americas,30.1328,-97.6411,161,Austin,2024-10-20,19:00:00,2024,Austin%20USA,,,,,,,,,,,,,,,,,,,,,,,,,,,,
70,Austria,Red Bull Ring,47.2197,14.7647,678,Spielberg,2014-06-22,12:00:00,2014,Spielberg%20Austria,26.8,7.0,17.9,26.3,6.0,17.8,8.4,58.7,0.0,0.0,0.0,,0.0,0.0,50.4,13.0,61.1,1017.2,25.1,32.2,326.7,28.4,8.0,,Partially cloudy,Partly cloudy throughout the day.,partly-cloudy-day,"LOWG,11161099999,11157099999,11240099999,11220099999,LOXZ,11175099999,11165099999,11214099999,11365099999,11362099999,11231099999"
70,Austria,Red Bull Ring,47.2197,14.7647,678,Spielberg,2015-06-21,12:00:00,2015,Spielberg%20Austria,16.1,5.4,11.8,16.1,3.4,11.6,5.1,65.4,0.009,100.0,16.67,rain,0.0,0.0,42.1,18.3,44.7,1018.6,73.9,30.5,241.1,20.9,8.0,,"Rain, Partially cloudy",Partly cloudy throughout the day with a chance of rain throughout the day.,rain,"LOWG,11161099999,11157099999,11240099999,11220099999,LOXZ,11175099999,11165099999,11214099999,11365099999,11362099999,11231099999"
70,Austria,Red Bull Ring,47.2197,14.7647,678,Spielberg,2016-07-03,12:00:00,2016,Spielberg%20Austria,17.8,12.1,15.1,17.8,12.1,15.1,10.9,76.3,2.03,100.0,45.83,rain,0.0,0.0,46.8,7.2,298.8,1020.2,83.4,12.5,53.2,4.5,1.0,,"Rain, Partially cloudy",Partly cloudy throughout the day with a chance of rain throughout the day.,rain,"111,610,999,991,122,000,000,000,000,000,000,000,000,000,000,000,000,000,000,000,000,000"
70,Austria,Red Bull Ring,47.2197,14.7647,678,Spielberg,2017-07-09,12:00:00,2017,Spielberg%20Austria,28.6,15.4,21.9,28.2,15.4,21.9,14.2,64.1,2.2,100.0,20.83,rain,0.0,0.0,82.8,21.4,56.2,1014.3,78.6,33.3,222.6,19.3,7.0,,"Rain, Partially cloudy",Partly cloudy throughout the day with rain.,rain,"111,610,999,991,122,000,000,000,000,000,000,000,000,000,000,000,000,000,000,000,000,000"
70,Austria,Red Bull Ring,47.2197,14.7647,678,Spielberg,2018-07-01,13:10:00,2018,Spielberg%20Austria,19.0,9.5,14.2,19.0,9.1,14.1,7.2,63.4,0.0,0.0,0.0,,0.0,0.0,28.4,15.8,349.8,1014.1,62.3,22.5,271.0,23.4,9.0,,Partially cloudy,Partly cloudy throughout the day.,partly-cloudy-day,"11161099999,AS726,11220099999,11175099999,11214099999"
70,Austria,Red Bull Ring,47.2197,14.7647,678,Spielberg,2019-06-30,13:10:00,2019,Spielberg%20Austria,33.6,12.8,23.6,31.6,12.8,23.0,11.7,54.1,0.0,0.0,0.0,,0.0,0.0,33.1,14.5,193.5,1018.3,15.8,40.0,320.5,27.7,9.0,,Clear,Clear conditions throughout the day.,clear-day,"11161099999,AS726,11220099999,11175099999,11214099999,D3361,11365099999,11362099999"
70,Austria,Red Bull Ring,47.2197,14.7647,678,Spielberg,2020-07-05,13:10:00,2020,Spielberg%20Austria,27.6,10.2,19.2,27.2,10.2,19.2,11.0,63.2,0.0,0.0,0.0,,0.0,0.0,26.3,13.3,26.0,1016.9,17.1,40.0,318.3,27.5,9.0,,Clear,Clear conditions throughout the day.,clear-day,"11161099999,AS726,11220099999,11175099999,11214099999,11365099999,11362099999"
70,Austria,Red Bull Ring,47.2197,14.7647,678,Spielberg,2020-07-12,13:10:00,2020,Spielberg%20Austria,20.3,10.8,14.8,20.3,10.8,14.8,7.9,67.3,0.0,0.0,0.0,,0.0,0.0,34.9,17.9,64.2,1024.1,64.0,32.0,290.4,25.2,9.0,,Partially cloudy,Partly cloudy throughout the day.,partly-cloudy-day,"11161099999,AS726,11220099999,11175099999,11214099999,11365099999,11362099999"
70,Austria,Red Bull Ring,47.2197,14.7647,678,Spielberg,2021-06-27,13:00:00,2021,Spielberg%20Austria,26.8,13.4,20.3,26.6,13.4,20.2,13.2,65.7,1.39,100.0,20.83,rain,0.0,0.0,24.5,21.4,304.5,1015.9,81.3,22.0,295.1,25.7,9.0,,"Rain, Partially cloudy",Partly cloudy throughout the day with early morning rain.,rain,"11161099999,AS726,11220099999,11175099999,11214099999,11365099999,11362099999"
70,Austria,Red Bull Ring,47.2197,14.7647,678,Spielberg,2021-07-04,13:00:00,2021,Spielberg%20Austria,21.8,15.6,18.3,21.8,15.6,18.3,11.6,65.3,0.011,100.0,12.5,rain,0.0,0.0,28.8,10.8,111.1,1011.8,93.5,20.0,120.7,10.5,3.0,,"Rain, Overcast",Cloudy skies throughout the day with rain clearing later.,rain,"11161099999,AS726,11220099999,11175099999,11214099999,11365099999,11362099999"
70,Austria,Red Bull Ring,47.2197,14.7647,678,Spielberg,2022-07-10,13:00:00,2022,Spielberg%20Austria,21.5,13.3,16.2,21.5,13.3,16.2,9.6,67.8,1.166,100.0,50.0,rain,0.0,0.0,57.6,28.5,268.1,1018.8,85.3,25.0,218.1,19.0,7.0,,"Rain, Partially cloudy",Partly cloudy throughout the day with a chance of rain throughout the day.,rain,"11161099999,AS726,11280099999,11220099999,11214099999,11365099999,11362099999"
70,Austria,Red Bull Ring,47.2197,14.7647,678,Spielberg,2023-07-02,13:00:00,2023,Spielberg%20Austria,23.1,12.3,17.3,23.1,12.3,17.3,12.6,76.1,0.099,100.0,8.33,rain,0.0,0.0,50.4,14.3,200.1,1010.8,84.8,,148.3,12.6,6.0,,"Rain, Partially cloudy",Partly cloudy throughout the day with rain.,rain,"11161099999,AS726,11220099999,11175099999,11214099999,11365099999,11362099999"
70,Austria,Red Bull Ring,47.2197,14.7647,678,Spielberg,2024-06-30,13:00:00,2024,Spielberg%20Austria,,,,,,,,,,,,,,,,,,,,,,,,,,,,
71,Russia,Sochi Autodrom,43.4057,39.9578,2,Sochi,2014-10-12,11:00:00,2014,Sochi%20Russia,22.0,11.9,16.7,22.0,11.9,16.7,10.9,69.9,0.0,0.0,0.0,,0.0,0.0,28.8,21.6,44.4,1016.9,18.3,12.1,,,,,Clear,Clear conditions throughout the day.,clear-day,"37018099999,37171099999,37107099999,URSS"
71,Russia,Sochi Autodrom,43.4057,39.9578,2,Sochi,2015-10-11,11:00:00,2015,Sochi%20Russia,19.0,9.0,14.1,19.0,6.5,13.7,6.4,61.5,0.0,0.0,0.0,,0.0,0.0,,21.6,59.3,1020.1,68.7,11.7,,,,,Partially cloudy,Partly cloudy throughout the day.,partly-cloudy-day,"37018099999,37171099999,37107099999,URSS"
71,Russia,Sochi Autodrom,43.4057,39.9578,2,Sochi,2016-05-01,12:00:00,2016,Sochi%20Russia,17.0,10.0,14.0,17.0,8.5,13.9,10.4,79.8,0.0,0.0,0.0,,0.0,0.0,36.0,14.4,148.3,1018.6,64.3,10.0,,,,,Partially cloudy,Partly cloudy throughout the day.,partly-cloudy-day,"37018099999,37171099999,37107099999,URSS"
71,Russia,Sochi Autodrom,43.4057,39.9578,2,Sochi,2017-04-30,12:00:00,2017,Sochi%20Russia,25.0,11.0,18.0,25.0,11.0,18.0,8.8,57.2,0.0,0.0,0.0,,0.0,0.0,,21.6,359.5,1013.6,11.2,11.1,,,,,Clear,Clear conditions throughout the day.,clear-day,"37171099999,37107099999,URSS"
71,Russia,Sochi Autodrom,43.4057,39.9578,2,Sochi,2018-09-30,11:10:00,2018,Sochi%20Russia,24.0,16.2,19.2,24.0,16.2,19.2,15.5,79.7,0.0,0.0,0.0,,0.0,0.0,,18.1,43.0,1016.9,66.4,11.2,,,,,Partially cloudy,Partly cloudy throughout the day.,partly-cloudy-day,"37171099999,37107099999,URSS"
71,Russia,Sochi Autodrom,43.4057,39.9578,2,Sochi,2019-09-29,11:10:00,2019,Sochi%20Russia,21.5,13.0,17.0,21.5,13.0,17.0,13.5,80.3,0.094,100.0,4.17,rain,0.0,0.0,22.7,18.0,77.5,1017.2,35.1,11.2,159.8,13.8,6.0,,"Rain, Partially cloudy",Partly cloudy throughout the day with morning rain.,rain,"37171099999,37107099999,URSS,remote"
71,Russia,Sochi Autodrom,43.4057,39.9578,2,Sochi,2020-09-27,11:10:00,2020,Sochi%20Russia,29.0,18.0,23.1,29.1,18.0,23.2,15.2,62.5,0.0,0.0,0.0,,0.0,0.0,26.3,21.6,69.3,1012.7,7.0,11.1,191.4,16.5,7.0,,Clear,Clear conditions throughout the day.,clear-day,"37171099999,37107099999,URSS"
71,Russia,Sochi Autodrom,43.4057,39.9578,2,Sochi,2021-09-26,12:00:00,2021,Sochi%20Russia,18.0,10.7,14.2,18.0,10.7,14.2,10.3,77.7,1.054,100.0,8.33,rain,0.0,0.0,,18.0,55.4,1022.9,95.8,10.8,,,,,"Rain, Overcast",Cloudy skies throughout the day with rain.,rain,"37171099999,37107099999,URSS"
73,Azerbaijan,Baku City Circuit,40.3725,49.8533,-7,Baku,2016-06-19,13:00:00,2016,Baku%20Azerbaijan,33.0,23.0,26.9,33.0,23.0,27.0,17.3,57.2,0.0,0.0,0.0,,0.0,0.0,50.4,24.5,337.1,1015.9,78.9,12.3,232.5,20.1,8.0,,Partially cloudy,Partly cloudy throughout the day.,partly-cloudy-day,"37864099999,UBBB,37851099999,37923099999"
73,Azerbaijan,Baku City Circuit,40.3725,49.8533,-7,Baku,2017-06-25,13:00:00,2017,Baku%20Azerbaijan,30.0,21.9,25.2,33.3,21.9,25.9,20.5,76.6,0.0,0.0,0.0,,0.0,0.0,46.8,27.2,252.1,1010.7,39.4,10.0,297.9,25.7,9.0,,Partially cloudy,Partly cloudy throughout the day.,partly-cloudy-day,"37864099999,UBBB"
73,Azerbaijan,Baku City Circuit,40.3725,49.8533,-7,Baku,2018-04-29,12:10:00,2018,Baku%20Azerbaijan,22.0,12.0,15.3,22.0,12.0,15.3,8.4,63.8,0.0,0.0,0.0,,0.0,0.0,66.6,52.2,330.3,1019.3,72.0,10.0,256.4,22.1,7.0,,Partially cloudy,Partly cloudy throughout the day.,wind,"37864099999,UBBB"
73,Azerbaijan,Baku City Circuit,40.3725,49.8533,-7,Baku,2019-04-28,12:10:00,2019,Baku%20Azerbaijan,20.0,9.0,15.0,20.0,6.1,14.9,8.5,67.3,0.0,0.0,0.0,,0.0,0.0,55.4,46.2,174.9,1013.2,11.3,10.0,296.6,25.7,9.0,,Clear,Clear conditions throughout the day.,clear-day,"37864099999,UBBB"
73,Azerbaijan,Baku City Circuit,40.3725,49.8533,-7,Baku,2021-06-06,12:00:00,2021,Baku%20Azerbaijan,25.0,19.0,21.5,25.0,19.0,21.5,15.3,68.4,0.0,0.0,0.0,,0.0,0.0,59.4,43.7,331.9,1012.8,34.0,10.0,283.5,24.5,8.0,,Partially cloudy,Partly cloudy throughout the day.,partly-cloudy-day,"37864099999,UBBB"
73,Azerbaijan,Baku City Circuit,40.3725,49.8533,-7,Baku,2022-06-12,11:00:00,2022,Baku%20Azerbaijan,28.2,16.0,23.5,27.5,16.0,23.3,13.3,56.1,0.0,0.0,0.0,,0.0,0.0,32.0,29.5,162.0,1008.4,32.0,10.0,348.8,30.2,10.0,10.0,Partially cloudy,Becoming cloudy in the afternoon.,partly-cloudy-day,"37864099999,UBBB"
73,Azerbaijan,Baku City Circuit,40.3725,49.8533,-7,Baku,2023-04-30,11:00:00,2023,Baku%20Azerbaijan,26.0,14.9,19.2,26.0,14.9,19.2,13.3,69.7,0.0,0.0,0.0,rain,0.0,0.0,55.4,36.8,332.4,1006.7,64.4,10.0,193.2,16.6,8.0,10.0,Partially cloudy,Partly cloudy throughout the day.,partly-cloudy-day,"37864099999,UBBB"
73,Azerbaijan,Baku City Circuit,40.3725,49.8533,-7,Baku,2024-09-15,11:00:00,2024,Baku%20Azerbaijan,,,,,,,,,,,,,,,,,,,,,,,,,,,,
75,Portugal,Autódromo Internacional do Algarve,37.227,-8.6267,108,Portimão,2020-10-25,12:10:00,2020,Portimão%20Portugal,20.3,12.0,16.8,20.3,12.0,16.8,14.4,85.8,1.355,100.0,8.33,rain,0.0,0.0,55.4,25.7,259.0,1021.5,57.6,11.3,129.4,11.6,6.0,,"Rain, Partially cloudy",Partly cloudy throughout the day with late afternoon rain.,rain,"08554099999,LPFR,08533099999"
75,Portugal,Autódromo Internacional do Algarve,37.227,-8.6267,108,Portimão,2021-05-02,14:00:00,2021,Portimão%20Portugal,18.7,9.9,15.2,18.7,8.4,15.1,6.1,55.4,0.0,0.0,0.0,,0.0,0.0,42.1,25.1,322.5,1017.6,44.6,11.9,320.5,27.6,10.0,,Partially cloudy,Partly cloudy throughout the day.,partly-cloudy-day,"08554099999,LPFR,08533099999"
76,Italy,Autodromo Internazionale del Mugello,43.9975,11.3719,255,Mugello,2020-09-13,13:10:00,2020,Mugello%20Italy,31.8,18.0,25.3,31.3,18.0,25.2,15.0,55.3,0.0,0.0,0.0,,0.0,0.0,42.5,19.2,23.5,1022.4,1.3,10.0,525.7,45.0,7.0,,Clear,Clear conditions throughout the day.,clear-day,"E1917,E5444,16170099999,16134099999,16171099999,16140099999,LIRQ"
77,Saudi Arabia,Jeddah Corniche Circuit,21.6319,39.1044,15,Jeddah,2021-12-05,17:30:00,2021,Jeddah%20Saudi%20Arabia,32.1,24.0,28.0,34.2,24.0,29.3,20.5,65.1,0.0,0.0,0.0,,0.0,0.0,25.6,14.8,257.1,1013.4,8.0,9.7,181.7,15.7,7.0,,Clear,Clear conditions throughout the day.,clear-day,"41024099999,WLZ9WHS,OEJN"
77,Saudi Arabia,Jeddah Corniche Circuit,21.6319,39.1044,15,Jeddah,2022-03-27,17:00:00,2022,Jeddah%20Saudi%20Arabia,33.7,18.2,25.6,31.3,18.2,24.9,11.2,46.4,0.0,0.0,0.0,,0.0,0.0,45.4,38.3,317.1,1012.7,3.1,8.5,296.7,25.7,10.0,10.0,Clear,Clear conditions throughout the day.,clear-day,"41024099999,WLZ9WHS,OEJN"
77,Saudi Arabia,Jeddah Corniche Circuit,21.6319,39.1044,15,Jeddah,2023-03-19,17:00:00,2023,Jeddah%20Saudi%20Arabia,31.6,20.4,25.9,30.3,20.4,25.4,10.1,39.9,0.0,0.0,0.0,,0.0,0.0,25.2,24.8,305.6,1011.0,37.8,10.3,294.3,25.5,10.0,10.0,Partially cloudy,Clearing in the afternoon.,partly-cloudy-day,"41031099999,41024099999,WLZ9WHS,OEJN"
77,Saudi Arabia,Jeddah Corniche Circuit,21.6319,39.1044,15,Jeddah,2024-03-09,17:00:00,2024,Jeddah%20Saudi%20Arabia,30.1,14.4,24.8,29.4,14.4,24.4,11.0,44.9,0.0,0.0,0.0,,0.0,0.0,30.2,57.1,330.5,1012.7,13.1,9.8,280.0,24.3,10.0,10.0,Clear,Clear conditions throughout the day.,wind,"41031099999,41024099999,WLZ9WHS,OEJN"
78,Qatar,Losail International Circuit,25.49,51.4542,12,Al Daayen,2021-11-21,14:00:00,2021,Al%20Daayen%20Qatar,29.2,25.1,26.7,31.0,25.1,27.4,20.0,67.1,0.0,0.0,0.0,,0.0,0.0,31.3,23.9,114.3,1013.2,1.0,11.2,189.5,16.4,7.0,,Clear,Clear conditions throughout the day.,clear-day,"OTHH,OTBD,41170599999,41170099999,41170399999"
78,Qatar,Losail International Circuit,25.49,51.4542,12,Al Daayen,2023-10-08,17:00:00,2023,Al%20Daayen%20Qatar,38.5,28.9,33.2,45.2,37.1,41.2,24.9,66.2,0.0,0.0,0.0,,0.0,0.0,31.3,18.9,22.5,1009.4,1.7,9.6,250.1,21.4,9.0,30.0,Clear,Clear conditions throughout the day.,clear-day,"OTHH,OTBD,41170599999,41170099999,41170399999"
78,Qatar,Losail International Circuit,25.49,51.4542,12,Al Daayen,2024-12-01,17:00:00,2024,Al%20Daayen%20Qatar,,,,,,,,,,,,,,,,,,,,,,,,,,,,
79,USA,Miami International Autodrome,25.9581,-80.2389,0,Miami,2022-05-08,19:30:00,2022,Miami%20USA,33.0,23.6,27.7,36.0,23.6,29.4,21.4,70.1,2.503,100.0,20.83,rain,0.0,0.0,50.0,23.0,281.9,1010.7,51.0,16.0,197.4,17.2,9.0,100.0,"Rain, Partially cloudy",Partly cloudy throughout the day with rain in the morning and afternoon.,rain,"0878W,KHWO,72202412882,72203792809,0235W,KMIA,KOPF,72202012839"
79,USA,Miami International Autodrome,25.9581,-80.2389,0,Miami,2023-05-07,19:30:00,2023,Miami%20USA,28.4,24.0,25.8,30.1,24.0,26.1,19.7,69.7,3.411,100.0,25.0,rain,0.0,0.0,44.3,33.0,72.2,1019.0,68.0,15.9,145.1,12.8,7.0,30.0,"Rain, Partially cloudy",Partly cloudy throughout the day with a chance of rain throughout the day.,rain,"0878W,KHWO,72202412882,72203792809,0235W,KMIA,KOPF,72202012839"
79,USA,Miami International Autodrome,25.9581,-80.2389,0,Miami,2024-05-05,20:00:00,2024,Miami%20USA,29.0,24.5,26.6,30.7,24.5,27.2,19.7,66.5,0.0,0.0,0.0,,0.0,0.0,38.9,26.2,105.5,1016.8,53.2,16.0,186.4,16.2,8.0,30.0,Partially cloudy,Partly cloudy throughout the day.,partly-cloudy-day,"0878W,KHWO,72202412882,72203792809,0235W,KMIA,KOPF,72202012839"
80,United States,Las Vegas Strip Street Circuit,36.1147,-115.173,642,Las Vegas,2023-11-19,6:00:00,2023,Las%20Vegas%20United%20States,18.9,11.7,15.4,18.9,11.7,15.4,-1.1,36.2,0.0,0.0,0.0,,0.0,0.0,80.8,45.3,337.0,1014.7,5.2,16.0,144.5,12.4,7.0,10.0,Clear,Clear conditions throughout the day.,clear-day,"KLAS,CMP12,74614023112,KLSV,72386023169,KVGT,72484653123"
80,United States,Las Vegas Strip Street Circuit,36.1147,-115.173,642,Las Vegas,2024-11-23,6:00:00,2024,Las%20Vegas%20United%20States,,,,,,,,,,,,,,,,,,,,,,,,,,,,
