weatherId,country,location,date,time,tempmax,tempmin,temp,feelslikemax,feelslikemin,feelslike,dew,humidity,precip,precipprob,precipcover,preciptype,snow,snowdepth,windgust,windspeed,winddir,sealevelpressure,cloudcover,visibility,solarradiation,solarenergy,uvindex,severerisk,conditions,description,icon,stations
659,Portugal,Estoril,10/21/1984,\N,20.1,12.1,15.0,20.1,12.1,15.0,8.9,68.5,0.0,0.0,0.0,,,,,25.9,348.2,1023.8,10.2,12.6,,,,,Clear,Clear conditions throughout the day.,clear-day,"85,360,999,990,853,000,000,000,000,000,000"
660,Portugal,Estoril,4/21/1985,\N,16.1,11.1,12.9,16.1,11.1,12.9,10.1,83.7,0.0,0.0,0.0,,,,,27.8,280.7,1006.3,68.1,10.6,,,,,Partially cloudy,Partly cloudy throughout the day.,partly-cloudy-day,"85,360,999,990,853,000,000,000,000,000,000"
661,Portugal,Estoril,9/21/1986,\N,27.0,19.1,22.0,28.1,19.1,22.1,18.4,80.6,0.1,100.0,4.17,rain,,,,18.4,93.4,1024.3,82.7,11.7,,,,,"Rain, Partially cloudy",Partly cloudy throughout the day with afternoon rain.,rain,"853,609,999,908,579,000,000"
662,Portugal,Estoril,9/20/1987,\N,28.1,18.1,22.3,27.5,18.1,22.3,15.3,66.4,5.1,100.0,8.33,rain,,,,25.9,348.1,1015.2,57.4,11.5,,,,,"Rain, Partially cloudy",Partly cloudy throughout the day with rain.,rain,"85,360,999,990,853,000,000,000,000,000,000"
663,Portugal,Estoril,9/25/1988,\N,28.4,14.1,20.7,28.1,14.1,20.6,13.6,67.3,0.0,0.0,0.0,,,,,13.3,333.2,1022.8,37.3,10.4,,,,,Partially cloudy,Partly cloudy throughout the day.,partly-cloudy-day,"85,360,999,990,853,000,000,000,000,000,000"
664,Portugal,Estoril,9/24/1989,\N,26.2,14.1,19.0,26.2,14.1,19.0,11.4,63.2,0.0,0.0,0.0,,,,,29.5,325.0,1015.8,15.4,10.6,,,,,Clear,Clear conditions throughout the day.,clear-day,"85,360,999,990,853,000,000,000,000,000,000"
665,Portugal,Estoril,9/23/1990,\N,24.1,15.1,19.8,24.1,15.1,19.8,15.8,78.6,0.0,0.0,0.0,,,,,21.4,267.7,1018.6,60.0,12.2,,,,,Partially cloudy,Partly cloudy throughout the day.,partly-cloudy-day,"85,360,999,990,853,000,000,000,000,000,000"
666,Portugal,Estoril,9/22/1991,\N,29.1,19.6,22.9,29.9,19.6,23.0,16.9,70.4,7.0,100.0,4.17,rain,,,,24.1,340.0,1016.9,26.4,9.1,,,,,"Rain, Partially cloudy",Partly cloudy throughout the day with early morning rain.,rain,"85,360,999,990,853,000,000,000,000,000,000"
667,Portugal,Estoril,9/27/1992,\N,21.1,13.0,16.6,21.1,13.0,16.6,12.0,75.4,1.0,100.0,4.17,rain,,,,18.4,254.6,1020.4,42.7,11.8,,,,,"Rain, Partially cloudy",Partly cloudy throughout the day with afternoon rain.,rain,"853,609,999,908,579,000,000"
668,Portugal,Estoril,9/26/1993,\N,23.1,13.7,17.5,23.1,13.7,17.5,9.6,61.4,0.0,0.0,0.0,,,,,32.5,352.1,1019.9,20.9,11.2,,,,,Partially cloudy,Partly cloudy throughout the day.,partly-cloudy-day,"85,360,999,990,853,000,000,000,000,000,000"
669,Portugal,Estoril,9/25/1994,\N,22.1,13.7,18.0,22.1,13.7,18.0,14.7,81.8,0.0,0.0,0.0,,,,,20.5,239.5,1017.9,62.1,9.5,,,,,Partially cloudy,Partly cloudy throughout the day.,partly-cloudy-day,"85,360,999,990,853,000,000,000,000,000,000"
670,Portugal,Estoril,9/24/1995,\N,26.1,16.9,20.6,26.1,16.9,20.6,9.5,50.4,0.0,0.0,0.0,,,,,33.5,350.3,1021.5,21.5,11.5,,,,,Partially cloudy,Partly cloudy throughout the day.,partly-cloudy-day,"853,609,999,908,579,000,000"
671,Portugal,Estoril,9/22/1996,\N,22.1,15.0,18.2,22.1,15.0,18.2,13.1,74.4,0.0,0.0,0.0,,,,,24.1,336.4,1016.3,31.7,11.4,,,,,Partially cloudy,Partly cloudy throughout the day.,partly-cloudy-day,"853,609,999,908,579,000,000"
672,Japan,Okayama,4/17/1994,\N,24.1,12.6,18.3,24.1,12.6,18.3,5.9,45.5,0.0,0.0,0.0,,,,,14.8,230.5,1020.7,45.0,19.1,,,,,Partially cloudy,Partly cloudy throughout the day.,partly-cloudy-day,"477,670,999,994,789,000,000,000,000,000,000,000,000,000,000,000,000,000,000,000,000,000"
673,Japan,Okayama,10/22/1995,\N,23.0,14.6,18.6,23.0,14.6,18.6,12.0,66.7,0.0,0.0,0.0,,,,,12.9,345.7,1016.4,45.8,13.4,,,,,Partially cloudy,Partly cloudy throughout the day.,partly-cloudy-day,"477,670,999,994,789,000,000,000,000,000,000,000,000,000,000,000,000,000,000,000,000,000"
674,Australia,Adelaide,11/3/1985,\N,28.1,14.1,21.0,27.3,14.1,21.0,9.5,50.0,0.0,0.0,0.0,,,,,24.1,158.8,1019.2,60.0,16.8,,,,,Partially cloudy,Partly cloudy throughout the day.,partly-cloudy-day,94672099999
675,Australia,Adelaide,10/26/1986,\N,15.1,8.1,11.0,15.1,6.8,10.7,8.2,83.1,0.3,100.0,4.17,rain,,,,27.7,182.4,1021.2,40.0,15.7,,,,,"Rain, Partially cloudy",Partly cloudy throughout the day with afternoon rain.,rain,94672099999
676,Australia,Adelaide,11/15/1987,\N,31.9,15.4,24.2,29.7,15.4,23.7,5.9,36.3,0.0,0.0,0.0,,,,,14.8,231.3,1013.3,85.0,41.3,,,,,Partially cloudy,Partly cloudy throughout the day.,partly-cloudy-day,94672099999
677,Australia,Adelaide,11/13/1988,\N,32.1,16.1,22.9,30.3,16.1,22.5,8.2,43.9,0.0,0.0,0.0,,,,,41.8,261.8,1008.6,57.5,15.1,,,,,Partially cloudy,Partly cloudy throughout the day.,partly-cloudy-day,"9,467,209,999,994,670,000,000"
678,Australia,Adelaide,11/5/1989,\N,23.1,12.1,16.6,23.1,12.1,16.6,10.1,70.0,16.0,100.0,8.33,rain,,,,38.0,163.2,1005.0,90.6,12.9,,,,,"Rain, Overcast",Cloudy skies throughout the day with rain.,rain,"9,467,209,999,994,670,000,000"
679,Australia,Adelaide,11/4/1990,\N,31.1,15.1,23.4,29.2,15.1,23.1,11.7,51.6,0.003,100.0,4.17,rain,,,,16.6,212.9,1016.4,10.0,21.7,,,,,Rain,Clear conditions throughout the day with morning rain.,rain,"94,677,099,999,946,800,000,000,000,000,000,000,000,000,000,000,000,000,000,000,000,000,000,000,000,000"
680,Australia,Adelaide,11/3/1991,\N,23.6,13.1,17.4,23.6,13.1,17.4,14.6,84.9,7.912,100.0,16.67,rain,,,,31.7,327.6,1009.4,80.8,15.3,,,,,"Rain, Partially cloudy",Partly cloudy throughout the day with a chance of rain throughout the day.,rain,"946,770,999,999,480,000,000,000,000,000,000,000,000,000,000,000,000,000,000,000,000,000,000,000,000,000,000,000,000,000,000,000,000,000,000,000,000,000,000,000,000,000,000,000"
681,Australia,Adelaide,11/8/1992,\N,27.1,14.1,20.7,26.1,14.1,20.6,6.1,45.0,3.327,100.0,4.17,rain,,,,44.3,325.1,1002.9,78.8,17.1,,,,,"Rain, Partially cloudy",Partly cloudy throughout the day with late afternoon rain.,rain,"9,467,709,999,994,680,000,000,000,000,000,000,000,000,000,000,000,000,000,000,000,000,000,000,000,000,000,000,000,000"
682,Australia,Adelaide,11/7/1993,\N,21.1,12.0,15.9,21.1,12.0,15.9,9.6,67.6,0.079,100.0,4.17,rain,,,,20.5,122.5,1018.4,72.5,19.4,,,,,"Rain, Partially cloudy",Partly cloudy throughout the day with late afternoon rain.,rain,"94,677,099,999,946,800,000,000,000,000,000,000,000,000,000,000,000,000,000,000,000,000,000,000,000,000"
683,Australia,Adelaide,11/13/1994,\N,18.1,10.1,14.0,18.1,10.1,14.0,7.2,64.4,0.0,0.0,0.0,,,,,31.3,187.3,1017.3,77.3,18.2,,,,,Partially cloudy,Partly cloudy throughout the day.,partly-cloudy-day,"94,677,099,999,948,000,000,000,000,000,000,000,000,000,000,000,000,000,000,000,000,000,000,000,000,000,000,000,000,000,000,000,000,000,000,000,000"
684,Australia,Adelaide,11/12/1995,\N,28.1,8.1,19.1,26.7,8.1,18.8,2.0,39.9,0.0,0.0,0.0,,,,,27.7,46.5,1024.1,44.6,21.0,,,,,Partially cloudy,Partly cloudy throughout the day.,partly-cloudy-day,"946,770,999,999,468,000,000,000,000,000,000,000,000,000,000,000,000,000,000,000,000,000,000,000,000,000,000,000,000,000,000,000,000"
685,South Africa,Midrand,3/7/1970,\N,0.0,0.0,,0.0,0.0,,,,,,0.0,,,,,,,,,,,,,,,,,
686,South Africa,Midrand,3/6/1971,\N,0.0,0.0,,0.0,0.0,,,,,,0.0,,,,,,,,,,,,,,,,,
687,South Africa,Midrand,3/4/1972,\N,0.0,0.0,,0.0,0.0,,,,,,0.0,,,,,,,,,,,,,,,,,
688,South Africa,Midrand,3/3/1973,\N,26.1,14.1,20.8,26.1,14.1,20.8,8.4,48.8,0.0,0.0,0.0,,,,,14.8,349.6,1014.3,3.3,5.5,,,,,Clear,Clear conditions throughout the day.,clear-day,"4,218,209,999,942,130,000,000"
689,South Africa,Midrand,3/30/1974,\N,32.1,21.1,27.6,30.1,21.1,26.7,11.6,41.8,0.0,0.0,0.0,,,,,25.9,317.4,1007.2,35.0,6.0,,,,,Partially cloudy,Partly cloudy throughout the day.,partly-cloudy-day,42182099999
690,South Africa,Midrand,3/1/1975,\N,27.1,16.1,20.7,28.3,16.1,20.8,12.0,58.2,0.0,0.0,0.0,,,,,13.0,351.9,1011.6,5.7,3.1,,,,,Clear,Clear conditions throughout the day.,clear-day,42182099999
691,South Africa,Midrand,3/6/1976,\N,24.1,15.1,18.1,24.1,15.1,18.1,12.1,70.6,0.0,0.0,0.0,,,,,11.2,323.9,1009.1,0.0,3.0,,,,,Clear,Clear conditions throughout the day.,clear-day,42182099999
692,South Africa,Midrand,3/5/1977,\N,27.1,12.1,20.9,26.1,12.1,20.6,3.6,36.4,0.0,0.0,0.0,,,,,16.6,320.9,1018.7,0.0,3.7,,,,,Clear,Clear conditions throughout the day.,clear-day,42182099999
693,South Africa,Midrand,3/4/1978,\N,19.1,14.1,16.1,19.1,14.1,16.1,14.5,90.5,0.0,0.0,0.0,,,,,11.2,305.0,1012.5,24.3,3.3,,,,,Partially cloudy,Partly cloudy throughout the day.,partly-cloudy-day,42182099999
694,South Africa,Midrand,3/3/1979,\N,22.1,15.1,18.5,22.1,15.1,18.5,11.4,65.2,2.0,100.0,4.17,rain,,,,25.9,99.9,1016.8,71.1,4.0,,,,,"Rain, Partially cloudy",Partly cloudy throughout the day with morning rain.,rain,42182099999
695,South Africa,Midrand,3/1/1980,\N,27.1,17.1,20.6,26.2,17.1,20.5,7.4,44.8,0.0,0.0,0.0,,,,,11.2,359.4,1011.2,35.0,3.8,,,,,Partially cloudy,Partly cloudy throughout the day.,partly-cloudy-day,42182099999
696,South Africa,Midrand,1/23/1982,\N,21.7,10.7,16.0,21.7,10.7,16.0,8.4,63.1,0.0,0.0,0.0,,,,,14.4,337.2,1014.9,30.0,3.1,,,,,Partially cloudy,Partly cloudy throughout the day.,partly-cloudy-day,42182099999
697,South Africa,Midrand,10/15/1983,\N,29.9,20.7,25.2,30.5,20.7,25.4,17.1,62.3,0.0,0.0,0.0,,,,,11.2,348.2,1006.6,10.0,3.8,,,,,Clear,Clear conditions throughout the day.,clear-day,42182099999
698,South Africa,Midrand,4/7/1984,\N,34.1,19.1,28.0,31.6,19.1,26.9,7.0,30.3,0.0,0.0,0.0,,,,,14.8,353.7,1004.0,28.8,3.5,,,,,Partially cloudy,Partly cloudy throughout the day.,partly-cloudy-day,42182099999
699,South Africa,Midrand,10/19/1985,\N,31.2,17.1,22.8,29.3,17.1,22.3,9.9,48.3,0.0,0.0,0.0,,,,,11.2,293.7,1008.8,0.0,3.5,,,,,Clear,Clear conditions throughout the day.,clear-day,42182099999
700,South Africa,Midrand,3/1/1992,\N,28.7,14.7,21.3,27.1,14.7,20.9,6.1,45.2,0.0,0.0,0.0,,,,,9.4,307.3,1013.4,3.8,4.5,,,,,Clear,Clear conditions throughout the day.,clear-day,42182099999
701,South Africa,Midrand,3/14/1993,\N,24.9,16.9,20.5,24.9,16.9,20.5,14.0,67.5,2.5,100.0,8.33,rain,,,,9.4,17.3,1008.4,45.6,2.7,,,,,"Rain, Partially cloudy",Partly cloudy throughout the day with rain.,rain,42182099999
702,UK,Castle Donington,4/11/1993,\N,9.0,5.0,6.9,7.0,2.2,4.5,5.4,90.5,1.148,100.0,4.17,rain,,,,22.0,65.6,1002.1,88.6,5.1,,,,,"Rain, Partially cloudy",Partly cloudy throughout the day with afternoon rain.,rain,"34,620,999,990,341,800,000,000,000,000,000,000,000,000,000,000,000,000,000,000,000,000"
703,Mexico,Mexico City,10/25/1970,\N,0.0,0.0,,0.0,0.0,,,,,,0.0,,,,,,,,,,,,,,,,,
704,Mexico,Mexico City,10/12/1986,\N,27.1,15.1,19.7,26.7,15.1,19.6,12.1,64.3,0.0,0.0,0.0,,,,,13.0,29.5,1011.0,83.8,9.7,,,,,Partially cloudy,Partly cloudy throughout the day.,partly-cloudy-day,"76,726,099,999,766,700,000,000,000,000,000,000,000,000,000"
705,Mexico,Mexico City,10/18/1987,\N,24.1,6.1,14.1,24.1,4.1,13.8,4.1,55.4,0.0,0.0,0.0,,,,,13.0,66.0,1016.0,9.5,11.0,,,,,Clear,Clear conditions throughout the day.,clear-day,"76,726,099,999,766,700,000,000,000,000,000,000,000,000,000"
706,Mexico,Mexico City,5/29/1988,\N,28.1,12.2,19.2,27.2,12.2,19.2,9.7,56.8,0.0,0.0,0.0,,,,,33.5,218.8,1008.7,68.8,11.5,,,,,Partially cloudy,Partly cloudy throughout the day.,partly-cloudy-day,"7,672,609,999,976,670,000,000,000,000,000,000,000,000,000,000,000,000,000"
707,Mexico,Mexico City,5/28/1989,\N,25.6,10.8,17.9,25.6,10.8,17.9,6.8,53.7,19.0,100.0,4.17,rain,,,,31.7,222.4,1015.0,46.9,14.5,,,,,"Rain, Partially cloudy",Partly cloudy throughout the day with morning rain.,rain,"7,672,609,999,976,670,000,000,000,000,000,000,000,000,000,000,000,000,000"
708,Mexico,Mexico City,6/24/1990,\N,23.0,14.7,17.2,23.0,14.7,17.2,10.1,64.1,,0.0,0.0,,,,,22.3,209.6,1012.3,95.7,12.5,,,,,Overcast,Cloudy skies throughout the day.,cloudy,"767,260,999,997,667,000,000,000,000,000,000"
709,Mexico,Mexico City,6/16/1991,\N,23.9,13.7,18.1,23.9,13.7,18.1,13.2,74.9,0.311,100.0,4.17,rain,,,,36.8,55.2,1013.9,75.3,9.7,,,,,"Rain, Partially cloudy",Partly cloudy throughout the day with morning rain.,rain,"767,260,999,997,667,000,000,000,000,000,000,000,000,000,000,000,000,000,000,000,000,000"
710,Mexico,Mexico City,3/22/1992,\N,28.1,14.3,20.3,27.1,14.3,20.2,9.0,50.2,0.0,0.0,0.0,,,,,25.2,27.7,1008.7,35.2,11.9,,,,,Partially cloudy,Becoming cloudy in the afternoon.,partly-cloudy-day,"767,260,999,997,667,000,000,000,000,000,000,000,000,000,000,000,000,000,000,000,000,000"
711,Mexico,Mexico City,11/1/2015,19:00:00,23.7,9.1,16.7,23.7,8.0,16.6,11.7,76.1,0.2,100.0,4.17,rain,0.0,0.0,23.0,20.5,119.6,1019.2,73.8,11.2,169.2,14.5,7.0,,"Rain, Partially cloudy",Partly cloudy throughout the day with late afternoon rain.,rain,"76681099999,76726099999,76675399999,76679399999,76727099999,76680099999,MMCB,remote,MMSM,76675099999,MMTO"
712,Mexico,Mexico City,10/30/2016,19:00:00,21.3,3.1,12.0,21.3,3.1,11.9,7.5,76.9,1.0,100.0,4.17,rain,0.0,0.0,28.1,24.1,317.3,1023.9,74.1,8.1,198.8,17.8,9.0,,"Rain, Partially cloudy",Partly cloudy throughout the day with late afternoon rain.,rain,"76726099999,76675399999,76679399999,76680099999,MMCB,remote,76675099999,MMTO,MMMX"
713,Mexico,Mexico City,10/29/2017,19:00:00,23.4,8.1,15.5,23.4,7.4,15.5,9.0,67.8,0.0,0.0,0.0,,0.0,0.0,20.2,15.0,213.7,1017.7,54.0,7.9,190.9,17.0,8.0,,Partially cloudy,Partly cloudy throughout the day.,partly-cloudy-day,"76681099999,76726099999,76675399999,76679399999,76680099999,MMCB,remote,MMMX,76675099999,MMTO"
714,Mexico,Mexico City,10/28/2018,19:10:00,26.0,9.1,14.6,26.0,8.6,14.6,10.1,75.6,0.116,100.0,4.17,rain,0.0,0.0,27.4,22.3,1.3,1021.8,82.1,10.7,159.1,14.3,7.0,,"Rain, Partially cloudy",Partly cloudy throughout the day with early morning rain.,rain,"76726099999,76675399999,76679399999,76680099999,MMCB,remote,MMMX,76675099999,MMTO"
715,Mexico,Mexico City,10/27/2019,19:10:00,26.0,9.3,16.1,26.0,9.3,16.1,12.4,80.4,2.9,100.0,33.33,rain,0.0,0.0,18.7,20.6,280.6,1016.9,73.8,7.0,180.0,16.3,7.0,,"Rain, Partially cloudy",Partly cloudy throughout the day with rain.,rain,"76681099999,76726099999,76675399999,76679399999,76727099999,76680099999,MMCB,remote,76675099999,MMTO,MMMX"
716,Mexico,Mexico City,11/7/2021,19:00:00,23.0,2.5,12.0,23.0,0.8,11.4,5.1,67.5,0.0,0.0,0.0,,0.0,0.0,27.0,25.9,0.2,1022.8,33.9,10.3,254.2,22.0,9.0,,Partially cloudy,Partly cloudy throughout the day.,partly-cloudy-day,"76675399999,76679399999,76680099999,MMCB,remote,76675099999,MMTO,MMMX"
717,Mexico,Mexico City,10/30/2022,20:00:00,24.4,10.0,18.0,24.4,9.7,18.0,10.5,64.9,0.386,100.0,4.17,rain,0.0,0.0,14.4,13.3,113.6,1019.9,73.4,12.1,187.2,16.6,7.0,10.0,"Rain, Partially cloudy",Partly cloudy throughout the day with late afternoon rain.,rain,"76726099999,76675399999,76679399999,76680099999,MMCB,remote,MMMX,MMTO,76675099999"
718,Mexico,Mexico City,10/29/2023,20:00:00,26.4,9.0,18.5,26.4,9.0,18.5,8.5,58.0,0.0,0.0,0.0,,0.0,0.0,19.8,13.8,3.5,1014.7,28.4,13.1,266.3,22.8,9.0,10.0,Partially cloudy,Partly cloudy throughout the day.,partly-cloudy-day,"76726099999,76675399999,76679399999,76680099999,MMCB,remote,MMSM,76675099999,MMTO,MMMX"
719,Mexico,Mexico City,10/27/2024,20:00:00,19.2,9.5,14.3,0.0,0.0,26.8,8.0,69.2,10.0,3.0,1.0,,,,22.7,15.5,149.1,1010.4,57.9,11.6,,,,,Partially cloudy,,partly-cloudy-day,
720,USA,Phoenix,6/4/1989,\N,38.3,23.3,31.0,35.0,23.3,29.3,0.8,15.8,0.0,0.0,0.0,,,,,21.9,233.8,1006.1,7.5,69.7,,,,,Clear,Clear conditions throughout the day.,clear-day,"7,227,802,318,372,270,000,000"
721,USA,Phoenix,3/11/1990,\N,17.9,9.4,12.8,17.9,8.5,12.7,4.2,58.0,2.393,100.0,8.33,rain,,,,29.4,204.3,1012.1,88.9,53.3,,,,,"Rain, Partially cloudy",Partly cloudy throughout the day with late afternoon rain.,rain,"7,227,802,318,372,270,000,000"
722,USA,Phoenix,3/10/1991,\N,25.1,15.7,20.7,25.1,15.7,20.7,-1.8,23.2,0.0,0.0,0.0,,,,,14.8,73.7,1011.2,98.8,67.0,,,,,Overcast,Cloudy skies throughout the day.,cloudy,72278023183
723,France,Le Castellet,7/4/1971,\N,0.0,0.0,,0.0,0.0,,,,,,0.0,,,,,,,,,,,,,,,,,
724,France,Le Castellet,7/1/1973,\N,31.1,19.1,24.2,31.9,19.1,24.3,17.7,69.0,0.0,0.0,0.0,,,0.0,,27.4,229.6,1019.4,2.2,11.0,,,,,Clear,Clear conditions throughout the day.,clear-day,"76,520,999,990,764,700,000,000,000,000,000,000,000,000,000,000,000,000,000,000,000,000"
725,France,Le Castellet,7/6/1975,\N,27.1,16.1,21.4,27.2,16.1,21.4,15.2,69.1,0.0,0.0,0.0,,,0.0,,25.9,244.8,1012.1,9.9,12.6,,,,,Clear,Clear conditions throughout the day.,clear-day,"76,520,999,990,764,700,000,000,000,000,000,000,000,000,000,000,000,000,000,000,000,000"
726,France,Le Castellet,7/4/1976,\N,30.1,20.1,24.8,32.0,20.1,25.3,18.4,68.6,0.0,0.0,0.0,,,0.0,,29.5,254.1,1016.9,13.7,9.8,,,,,Clear,Clear conditions throughout the day.,clear-day,"7,652,099,999,076,470,000,000,000,000,000,000,000,000,000,000,000,000,000,000,000,000,000,000,000,000"
727,France,Le Castellet,7/2/1978,\N,26.1,15.3,20.9,26.1,15.3,20.9,12.2,59.8,0.0,0.0,0.0,,,0.0,,40.7,318.3,1017.5,9.8,11.7,,,,,Clear,Clear conditions throughout the day.,clear-day,"7,652,099,999,076,470,000,000,000,000,000,000,000,000,000,000,000,000,000,000,000,000,000,000,000,000"
728,France,Le Castellet,6/29/1980,\N,24.1,15.6,20.3,24.1,15.6,20.3,12.4,61.2,0.0,0.0,0.0,,,,,42.6,281.4,1011.7,20.0,16.9,,,,,Clear,Partly cloudy throughout the day.,clear-day,"7,652,099,999,076,470,000,000,000,000,000,000,000,000,000,000,000,000,000,000,000,000,000,000,000,000"
729,France,Le Castellet,7/25/1982,\N,27.1,20.1,23.4,26.7,20.1,23.3,12.4,51.6,0.0,0.0,0.0,,,,,61.2,337.0,1014.4,0.3,11.7,,,,,Clear,Clear conditions throughout the day.,wind,"76,520,999,990,764,800,000,000,000,000,000,000,000,000,000,000,000,000,000,000,000,000,000,000,000,000,000,000,000,000,000,000,000,000,000,000,000,000,000,000,000,000,000,000"
730,France,Le Castellet,4/17/1983,\N,18.1,9.7,13.4,18.1,8.0,13.3,6.1,63.8,0.0,0.0,0.0,,,,,51.1,100.0,1013.9,86.9,10.8,,,,,Partially cloudy,Partly cloudy throughout the day.,wind,"76,520,999,990,764,800,000,000,000,000,000,000,000,000,000,000,000,000,000,000,000,000,000,000,000,000,000,000,000,000,000,000,000,000,000,000,000,000,000,000,000,000,000,000"
731,France,Le Castellet,7/7/1985,\N,31.1,19.1,24.7,30.7,19.1,24.7,16.4,61.4,0.0,0.0,0.0,,,,,18.4,336.6,1019.7,16.1,10.2,,,,,Clear,Clear conditions throughout the day.,clear-day,"765,209,999,907,648,000,000,000,000,000,000,000,000,000,000,000,000,000,000,000,000,000,000,000,000,000,000,000,000,000,000,000,000,000,000,000,000,000,000,000"
732,France,Le Castellet,7/6/1986,\N,29.1,21.2,23.8,29.5,21.2,23.8,17.2,68.1,0.0,0.0,0.0,,,,,50.0,238.9,1011.7,47.4,11.1,,,,,Partially cloudy,Partly cloudy throughout the day.,wind,"76,520,999,990,764,800,000,000,000,000,000,000,000,000,000,000,000,000,000,000,000,000,000,000,000,000,000,000,000,000,000,000,000,000,000,000,000,000,000,000,000,000,000,000"
733,France,Le Castellet,7/5/1987,\N,32.1,22.3,26.4,33.6,22.3,27.1,18.5,62.8,0.0,0.0,0.0,,,,,22.3,197.9,1015.8,13.1,10.5,,,,,Clear,Clear conditions throughout the day.,clear-day,"76,520,999,990,764,800,000,000,000,000,000,000,000,000,000,000,000,000,000,000,000,000,000,000,000,000,000,000,000,000,000,000,000,000,000,000,000,000,000,000,000,000,000,000"
734,France,Le Castellet,7/3/1988,\N,25.1,17.1,20.4,25.1,17.1,20.4,15.1,72.8,0.0,0.0,0.0,,,,,30.4,255.4,1006.2,59.4,15.8,,,,,Partially cloudy,Partly cloudy throughout the day.,partly-cloudy-day,"76,520,999,990,764,800,000,000,000,000,000,000,000,000,000,000,000,000,000,000,000,000,000,000,000,000,000,000,000,000,000,000,000,000,000,000,000,000,000,000,000,000,000,000"
735,France,Le Castellet,7/9/1989,\N,30.0,22.1,24.6,30.7,22.1,24.8,17.4,64.8,0.0,0.0,0.0,,,,,31.0,288.8,1016.6,9.2,13.7,,,,,Clear,Clear conditions throughout the day.,clear-day,"764,809,999,907,647,000,000,000,000,000,000,000,000,000,000,000,000,000,000,000,000,000,000,000,000,000,000,000,000"
736,France,Le Castellet,7/8/1990,\N,31.1,17.6,23.9,31.0,17.6,24.0,15.2,59.8,0.0,0.0,0.0,,,,,46.4,330.8,1017.3,10.1,16.5,,,,,Clear,Clear conditions throughout the day.,clear-day,"76,520,999,990,764,800,000,000,000,000,000,000,000,000,000,000,000,000,000,000,000,000,000,000,000,000,000,000,000,000,000,000,000"
737,France,Le Castellet,6/24/2018,14:10:00,26.6,17.2,22.0,26.6,17.2,22.0,15.3,66.5,0.743,100.0,8.33,rain,0.0,0.0,38.1,21.6,42.8,1016.3,85.9,30.6,247.2,21.4,8.0,,"Rain, Partially cloudy",Partly cloudy throughout the day with late afternoon rain.,rain,"E5345,E0050,07648099999,07678099999,07647099999,07650099999,07667099999,07675099999"
738,France,Le Castellet,6/23/2019,13:10:00,28.8,16.3,22.9,28.6,16.3,23.0,16.2,67.9,0.0,0.0,0.0,,0.0,0.0,37.6,21.9,262.0,1014.7,67.1,36.3,207.2,17.7,8.0,,Partially cloudy,Partly cloudy throughout the day.,partly-cloudy-day,"E0050,E8668,07648099999,07678099999,E6174,07647099999,07650099999,07667099999,07675099999"
739,France,Le Castellet,6/20/2021,13:00:00,26.7,22.5,24.5,28.1,22.5,24.5,19.8,75.8,0.454,100.0,16.67,rain,0.0,0.0,49.0,27.2,110.2,1010.9,92.3,21.6,99.4,8.7,4.0,,"Rain, Overcast",Cloudy skies throughout the day with rain.,rain,"E0050,07648099999,07678099999,07647099999,07650099999,07667099999,07675099999"
740,France,Le Castellet,7/24/2022,13:00:00,32.5,21.8,27.7,34.8,21.8,28.8,19.8,63.2,0.0,0.0,0.0,,0.0,0.0,32.2,18.4,234.8,1015.9,0.3,30.3,302.3,26.1,9.0,,Clear,Clear conditions throughout the day.,clear-day,"E0050,07648099999,07678099999,E6174,07647099999,07650099999,07667099999,07675099999"
741,Korea,Yeongam County,10/24/2010,5:00:00,17.0,6.6,10.1,17.0,4.4,10.0,6.7,80.8,0.0,0.0,0.0,,,,,11.0,61.9,1019.3,60.3,11.3,160.5,13.8,6.0,,Partially cloudy,Partly cloudy throughout the day.,partly-cloudy-day,"LWOH,LGKZ,16614099999,13578099999,13461599999,13583099999"
742,Korea,Yeongam County,10/16/2011,6:00:00,8.3,1.1,5.7,5.6,-1.6,2.6,-3.4,53.3,0.0,0.0,0.0,,,,50.4,24.3,2.6,1022.3,57.9,12.0,169.3,14.6,6.0,,Partially cloudy,Partly cloudy throughout the day.,partly-cloudy-day,"LWOH,LGKZ,16614099999,13578099999,13461599999,13629099999,13583099999"
743,Korea,Yeongam County,10/14/2012,6:00:00,20.6,14.2,16.6,20.6,14.2,16.6,13.5,82.7,49.259,100.0,12.5,rain,,,46.8,18.4,148.7,1013.0,91.9,10.7,74.4,6.5,3.0,,"Rain, Overcast",Cloudy skies throughout the day with a chance of rain throughout the day.,rain,"LWOH,LGKZ,16614099999,13578099999,13461599999,13629099999,13583099999"
744,Korea,Yeongam County,10/6/2013,6:00:00,16.4,6.0,10.8,16.4,4.3,10.6,5.2,69.2,0.0,0.0,0.0,,,,22.3,13.8,160.7,1025.3,80.2,13.4,74.6,6.3,3.0,,Partially cloudy,Partly cloudy throughout the day.,partly-cloudy-day,"LWOH,LGKZ,16614099999,13578099999,13461599999,13629099999,13583099999"
745,Brazil,Rio de Janeiro,1/29/1978,\N,37.1,25.1,30.3,40.2,25.1,32.9,21.9,63.0,0.0,0.0,0.0,,,,,18.4,111.4,1014.1,1.8,12.2,,,,,Clear,Clear conditions throughout the day.,clear-day,"837,410,999,998,374,000,000,000,000,000,000,000,000,000,000,000,000,000,000,000,000,000"
746,Brazil,Rio de Janeiro,3/29/1981,\N,26.4,23.1,23.9,26.4,23.1,23.9,20.8,83.4,0.0,0.0,0.0,,,,,9.0,91.5,1010.4,96.7,9.9,,,,,Overcast,Cloudy skies throughout the day.,cloudy,"837,410,999,998,374,000,000,000,000,000,000,000,000,000,000,000,000,000,000,000,000,000"
747,Brazil,Rio de Janeiro,3/21/1982,\N,31.1,24.8,26.8,34.7,24.8,28.2,22.7,78.7,0.0,0.0,0.0,,,,,25.9,134.1,1013.9,70.3,11.6,,,,,Partially cloudy,Partly cloudy throughout the day.,partly-cloudy-day,"83,744,099,999,837,400,000,000,000,000,000,000,000,000,000,000,000,000,000,000,000,000,000,000,000,000"
748,Brazil,Rio de Janeiro,3/13/1983,\N,32.1,23.1,27.1,35.9,23.1,29.1,22.8,78.3,0.0,0.0,0.0,,,,,22.0,195.5,1013.0,70.3,10.4,,,,,Partially cloudy,Partly cloudy throughout the day.,partly-cloudy-day,"83,744,099,999,837,400,000,000,000,000,000,000,000,000,000,000,000,000,000,000,000,000,000,000,000,000"
749,Brazil,Rio de Janeiro,3/25/1984,\N,32.1,21.1,25.9,36.9,21.1,27.2,21.3,76.9,0.0,0.0,0.0,,,,,24.1,156.2,1011.5,22.0,10.9,,,,,Partially cloudy,Partly cloudy throughout the day.,partly-cloudy-day,"837,410,999,998,374,000,000,000,000,000,000,000,000,000,000,000,000,000,000,000,000,000"
750,Brazil,Rio de Janeiro,4/7/1985,\N,33.1,24.1,27.4,34.7,24.1,28.6,21.7,73.0,0.0,0.0,0.0,,,,,24.1,138.5,1014.7,13.1,11.5,,,,,Clear,Clear conditions throughout the day.,clear-day,"8,374,409,999,983,740,000,000,000,000,000,000,000,000,000,000,000,000,000,000,000,000,000,000,000,000,000,000,000,000"
751,Brazil,Rio de Janeiro,3/23/1986,\N,33.1,20.4,26.6,36.2,20.4,27.9,21.7,76.2,0.0,0.0,0.0,,,,,22.3,142.3,1016.4,54.3,11.4,,,,,Partially cloudy,Partly cloudy throughout the day.,partly-cloudy-day,"83,741,099,999,837,400,000,000,000,000,000,000,000,000,000,000,000,000,000,000,000,000,000,000,000,000"
752,Brazil,Rio de Janeiro,4/12/1987,\N,36.1,25.1,29.3,43.3,25.1,32.5,24.2,77.4,0.0,0.0,0.0,,,,,12.8,36.0,1011.2,32.9,9.2,,,,,Partially cloudy,Partly cloudy throughout the day.,partly-cloudy-day,"8,374,409,999,983,740,000,000,000,000,000,000,000,000,000,000,000,000,000,000,000,000,000,000,000,000,000,000,000,000"
753,Brazil,Rio de Janeiro,4/3/1988,\N,28.1,22.1,23.8,30.2,22.1,24.0,21.5,87.5,0.0,0.0,0.0,,,,,16.6,160.0,1015.7,96.6,11.4,,,,,Overcast,Cloudy skies throughout the day.,cloudy,"837,410,999,998,374,000,000,000,000,000,000,000,000,000,000,000,000,000,000,000,000,000"
754,Brazil,Rio de Janeiro,3/26/1989,\N,38.1,23.1,28.6,40.7,23.1,30.1,21.0,66.2,0.0,0.0,0.0,,,,,25.9,118.3,1013.9,21.7,11.9,,,,,Partially cloudy,Partly cloudy throughout the day.,partly-cloudy-day,"837,410,999,998,374,000,000,000,000,000,000,000,000,000,000,000,000,000,000,000,000,000"
755,USA,Detroit,6/6/1982,\N,23.2,14.9,18.7,23.2,14.9,18.7,10.6,60.0,0.0,0.0,0.0,,,,,21.9,15.2,1016.5,68.2,22.0,,,,,Partially cloudy,Partly cloudy throughout the day.,partly-cloudy-day,"715,380,999,997,253,000,000,000,000,000,000"
756,USA,Detroit,6/5/1983,\N,24.0,12.8,18.3,24.0,12.8,18.3,11.3,66.8,0.114,100.0,8.33,rain,,,,23.9,277.9,1009.2,59.5,15.5,,,,,"Rain, Partially cloudy",Becoming cloudy in the afternoon with early morning rain.,rain,"715,380,999,997,253,000,000,000,000,000,000"
757,USA,Detroit,6/24/1984,\N,25.7,18.1,22.7,25.7,18.1,22.7,14.5,63.8,1.857,100.0,12.5,rain,,,,30.2,280.2,1009.0,55.8,16.4,,,,,"Rain, Partially cloudy",Partly cloudy throughout the day with rain.,rain,"715,380,999,997,253,000,000,000,000,000,000"
758,USA,Detroit,6/23/1985,\N,27.7,16.0,22.6,28.1,16.0,22.6,13.3,56.9,0.0,0.0,0.0,,,,,35.5,223.9,1013.9,36.5,22.9,,,,,Partially cloudy,Becoming cloudy in the afternoon.,partly-cloudy-day,"715,380,999,997,253,000,000,000,000,000,000"
759,USA,Detroit,6/22/1986,\N,32.1,19.4,25.4,35.8,19.4,26.2,18.4,66.3,0.0,0.0,0.0,,,,,33.7,223.2,1013.0,64.3,11.4,,,,,Partially cloudy,Partly cloudy throughout the day.,partly-cloudy-day,"715,380,999,997,253,000,000,000,000,000,000"
760,USA,Detroit,6/21/1987,\N,25.8,19.5,22.0,25.8,19.5,22.0,19.7,87.0,30.654,100.0,58.33,rain,,,,28.7,94.8,1006.9,99.4,5.2,,,,,"Rain, Overcast",Cloudy skies throughout the day with a chance of rain throughout the day.,rain,"715,380,999,997,253,000,000,000,000,000,000"
761,USA,Detroit,6/19/1988,\N,32.8,20.1,26.2,31.6,20.1,25.8,12.6,45.1,0.0,0.0,0.0,,,,,24.4,208.2,1017.5,49.0,20.5,,,,,Partially cloudy,Partly cloudy throughout the day.,partly-cloudy-day,"715,380,999,997,253,000,000,000,000,000,000"
762,UK,Kent,7/18/1970,\N,0.0,0.0,,0.0,0.0,,,,,,0.0,,,,,,,,,,,,,,,,,
763,UK,Kent,7/15/1972,\N,0.0,0.0,,0.0,0.0,,,,,,0.0,,,,,,,,,,,,,,,,,
764,UK,Kent,7/20/1974,\N,23.0,15.8,18.8,23.0,15.8,18.8,14.8,78.6,0.0,0.0,0.0,,,,,26.9,311.0,1022.4,71.4,14.7,,,,,Partially cloudy,Partly cloudy throughout the day.,partly-cloudy-day,"3,776,099,999,037,970,000,000,000,000,000,000,000,000,000,000,000,000,000,000,000,000,000,000,000,000"
765,UK,Kent,7/18/1976,\N,23.9,15.1,19.0,23.9,15.1,19.0,14.6,77.3,0.0,0.0,0.0,,,,,24.0,190.9,1019.5,55.9,13.3,,,,,Partially cloudy,Partly cloudy throughout the day.,partly-cloudy-day,"37,760,999,990,379,700,000,000,000,000,000,000,000,000,000,000,000,000,000,000,000,000"
766,UK,Kent,7/16/1978,\N,18.8,9.4,14.2,18.8,8.0,14.2,10.4,78.6,0.0,0.0,0.0,,,,,18.4,291.0,1022.2,63.9,16.1,,,,,Partially cloudy,Partly cloudy throughout the day.,partly-cloudy-day,"3,776,099,999,037,970,000,000,000,000,000,000,000,000,000,000,000,000,000,000,000,000,000,000,000,000"
767,UK,Kent,7/13/1980,\N,16.2,10.4,13.2,16.2,10.4,13.2,10.7,85.2,0.0,0.0,0.0,,,,,27.1,218.5,1014.0,90.7,25.3,,,,,Overcast,Cloudy skies throughout the day.,cloudy,"3,776,099,999,037,970,000,000,000,000,000,000,000,000,000,000,000,000,000,000,000,000,000,000,000,000"
768,UK,Kent,7/18/1982,\N,22.5,11.3,17.6,22.5,11.3,17.6,11.5,70.0,0.0,0.0,0.0,,,,,20.9,70.7,1028.0,23.3,20.7,,,,,Partially cloudy,Partly cloudy throughout the day.,partly-cloudy-day,"377,609,999,903,797,000,000,000,000,000,000,000,000,000,000,000,000,000,000,000,000,000,000,000,000,000,000,000,000"
769,UK,Kent,9/25/1983,\N,16.8,9.9,14.1,16.8,9.5,14.1,10.1,77.6,0.0,0.0,0.0,,,,,28.9,58.7,1033.3,44.7,20.0,,,,,Partially cloudy,Partly cloudy throughout the day.,partly-cloudy-day,"37,760,999,990,379,700,000,000,000,000,000,000,000,000,000,000,000,000,000,000,000,000"
770,UK,Kent,7/22/1984,\N,21.9,13.6,16.6,21.9,13.6,16.6,12.6,78.5,0.0,0.0,0.0,,,,,22.3,93.3,1021.8,77.6,12.7,,,,,Partially cloudy,Partly cloudy throughout the day.,partly-cloudy-day,"377,609,999,903,797,000,000,000,000,000,000,000,000,000,000,000,000,000"
771,UK,Kent,10/6/1985,\N,17.5,11.9,15.3,17.5,11.9,15.3,12.2,82.4,0.0,0.0,0.0,,,,,37.9,178.0,1014.7,85.6,23.2,,,,,Partially cloudy,Partly cloudy throughout the day.,partly-cloudy-day,"377,609,999,903,797,000,000,000,000,000,000,000,000,000,000,000,000,000"
772,UK,Kent,7/13/1986,\N,18.7,12.1,15.2,18.7,12.1,15.2,12.1,82.2,0.3,100.0,4.17,rain,,,,13.1,139.8,1023.4,83.4,9.4,,,,,"Rain, Partially cloudy",Partly cloudy throughout the day with early morning rain.,rain,"3,776,099,999,037,970,000,000,000,000,000,000,000,000,000,000,000,000,000,000,000,000,000,000,000,000,000,000,000,000,000,000,000,000,000,000,000"
773,Netherlands,Zandvoort,6/21/1970,\N,0.0,0.0,,0.0,0.0,,,,,,0.0,,,,,,,,,,,,,,,,,
774,Netherlands,Zandvoort,6/20/1971,\N,0.0,0.0,,0.0,0.0,,,,,,0.0,,,,,,,,,,,,,,,,,
775,Netherlands,Zandvoort,7/29/1973,\N,17.7,14.5,15.9,17.7,14.5,15.9,13.6,87.0,0.0,0.0,0.0,,,0.0,,19.3,2.0,1022.3,93.1,13.6,,,,,Overcast,Cloudy skies throughout the day.,cloudy,"626,009,999,906,240,000,000,000,000,000,000,000,000,000,000,000,000,000"
776,Netherlands,Zandvoort,6/23/1974,\N,24.2,13.9,18.4,24.2,13.9,18.4,14.5,80.4,0.0,0.0,0.0,,,0.0,,24.2,18.1,1013.9,41.8,12.0,,,,,Partially cloudy,Clearing in the afternoon.,partly-cloudy-day,"6,260,099,999,062,400,000,000,000,000,000,000,000,000,000"
777,Netherlands,Zandvoort,6/22/1975,\N,20.3,16.0,17.8,20.3,16.0,17.8,15.2,85.4,6.672,100.0,8.33,rain,,0.0,,36.0,24.0,1023.1,68.8,12.3,,,,,"Rain, Partially cloudy",Partly cloudy throughout the day with rain.,rain,"626,009,999,906,240,000,000,000,000,000,000,000,000,000,000,000,000,000"
778,Netherlands,Zandvoort,8/29/1976,\N,24.1,12.6,18.6,24.1,12.6,18.6,14.5,79.0,0.623,100.0,4.17,rain,,0.0,,19.5,124.3,1013.2,62.5,6.8,,,,,"Rain, Partially cloudy",Partly cloudy throughout the day with early morning rain.,rain,"6,260,099,999,062,400,000,000,000,000,000,000,000,000,000"
779,Netherlands,Zandvoort,8/28/1977,\N,17.8,10.2,15.2,17.8,10.2,15.2,11.3,78.7,0.172,100.0,4.17,rain,,0.0,,21.0,15.7,1020.5,68.6,23.4,,,,,"Rain, Partially cloudy",Partly cloudy throughout the day with early morning rain.,rain,"626,009,999,906,240,000,000,000,000,000,000,000,000,000,000,000,000,000"
780,Netherlands,Zandvoort,8/27/1978,\N,16.0,11.7,14.0,16.0,11.7,14.0,8.2,68.9,20.785,100.0,8.33,rain,,0.0,,37.2,321.6,1021.0,74.3,28.7,,,,,"Rain, Partially cloudy",Partly cloudy throughout the day with rain in the morning and afternoon.,rain,"626,009,999,906,240,000,000,000,000,000,000,000,000,000,000,000,000,000"
781,Netherlands,Zandvoort,8/26/1979,\N,17.1,9.2,13.4,17.1,8.7,13.3,11.2,87.2,0.634,100.0,8.33,rain,,,,27.6,340.3,1009.8,66.5,15.6,,,,,"Rain, Partially cloudy",Partly cloudy throughout the day with rain.,rain,"626,009,999,906,240,000,000,000,000,000,000,000,000,000,000,000,000,000"
782,Netherlands,Zandvoort,8/31/1980,\N,17.0,13.2,15.3,17.0,13.2,15.3,13.0,86.5,7.452,100.0,8.33,rain,,,,39.0,334.5,1013.0,78.5,18.1,,,,,"Rain, Partially cloudy",Partly cloudy throughout the day with rain.,rain,"626,009,999,906,240,000,000,000,000,000,000,000,000,000,000,000,000,000"
783,Netherlands,Zandvoort,8/30/1981,\N,19.9,11.9,15.3,19.9,11.9,15.3,10.9,76.0,0.0,0.0,0.0,,,,,14.8,24.3,1019.0,46.7,24.8,,,,,Partially cloudy,Partly cloudy throughout the day.,partly-cloudy-day,"626,009,999,906,240,000,000,000,000,000,000,000,000,000,000,000,000,000"
784,Netherlands,Zandvoort,7/3/1982,\N,21.9,14.2,16.4,21.9,14.2,16.4,12.9,80.1,1.023,100.0,4.17,rain,,,,18.7,304.1,1006.9,86.0,15.6,,,,,"Rain, Partially cloudy",Partly cloudy throughout the day with early morning rain.,rain,"6,260,099,999,062,400,000,000,000,000,000,000,000,000,000"
785,Netherlands,Zandvoort,8/28/1983,\N,17.8,12.4,15.8,17.8,12.4,15.8,12.8,82.8,0.0,0.0,0.0,,,,,26.9,21.6,1024.1,79.8,22.5,,,,,Partially cloudy,Partly cloudy throughout the day.,partly-cloudy-day,"626,009,999,906,240,000,000,000,000,000,000,000,000,000,000,000,000,000"
786,Netherlands,Zandvoort,8/26/1984,\N,21.0,12.7,17.5,21.0,12.7,17.5,14.8,85.1,0.0,0.0,0.0,,,,,16.7,331.7,1015.8,59.3,3.7,,,,,Partially cloudy,Partly cloudy throughout the day.,partly-cloudy-day,"626,009,999,906,240,000,000,000,000,000,000,000,000,000,000,000,000,000"
787,Netherlands,Zandvoort,8/25/1985,\N,17.7,11.6,14.5,17.7,11.6,14.5,10.8,79.7,0.314,100.0,4.17,rain,,,,30.7,220.0,1007.0,45.0,24.3,,,,,"Rain, Partially cloudy",Partly cloudy throughout the day with afternoon rain.,rain,"626,009,999,906,240,000,000,000,000,000,000,000,000,000,000,000,000,000"
788,Netherlands,Zandvoort,9/5/2021,13:00:00,21.5,11.0,16.2,21.5,11.0,16.2,12.3,79.4,0.0,0.0,0.0,,0.0,0.0,28.8,16.8,57.3,1021.3,48.0,24.7,197.8,17.1,7.0,,Partially cloudy,Partly cloudy throughout the day.,partly-cloudy-day,"E5029,06348099999,06249099999,06240099999,F5767,06330099999,06257099999,06344099999,E9826"
789,Netherlands,Zandvoort,9/4/2022,13:00:00,24.4,15.6,19.9,24.4,15.6,19.9,15.1,74.5,0.012,100.0,4.17,rain,0.0,0.0,23.2,14.0,127.0,1016.4,82.8,29.4,150.2,12.9,5.0,,"Rain, Partially cloudy",Partly cloudy throughout the day with early morning rain.,rain,"E5029,06348099999,06249099999,06240099999,06330099999,06257099999,06344099999"
790,Netherlands,Zandvoort,8/27/2023,13:00:00,17.3,12.8,15.5,17.3,12.8,15.5,12.3,81.4,9.905,100.0,12.5,rain,0.0,0.0,43.2,23.5,228.9,1008.2,30.3,13.8,111.2,9.7,6.0,,"Rain, Partially cloudy",Partly cloudy throughout the day with rain.,rain,"E5029,06348099999,06249099999,06240099999,06330099999,remote,06257099999,06344099999"
791,Netherlands,Zandvoort,8/25/2024,13:00:00,18.8,15.2,17.0,0.0,0.0,31.2,13.9,83.0,4.2,4.8,2.0,,,,31.0,18.7,182.5,1013.8,25.5,17.9,,,,,Partially cloudy,,partly-cloudy-day,
792,Belgium,Heusden-Zolder,5/20/1973,\N,21.3,12.0,16.2,21.3,12.0,16.2,10.2,70.7,1.958,100.0,4.17,rain,,0.0,,15.4,205.2,1003.7,70.5,18.1,,,,,"Rain, Partially cloudy",Partly cloudy throughout the day with early morning rain.,rain,"647,809,999,906,479,000,000,000,000,000,000,000,000,000,000,000,000,000"
793,Belgium,Heusden-Zolder,5/25/1975,\N,18.6,2.9,11.5,18.6,1.2,10.9,4.7,66.3,0.0,0.0,0.0,,,0.0,,21.9,45.5,1017.7,53.3,10.5,,,,,Partially cloudy,Partly cloudy throughout the day.,partly-cloudy-day,"647,809,999,906,479,000,000,000,000,000,000,000,000,000,000,000,000,000"
794,Belgium,Heusden-Zolder,5/16/1976,\N,18.4,10.8,14.5,18.4,10.8,14.5,5.6,56.2,0.0,0.0,0.0,,,0.0,,22.3,248.1,1021.3,57.7,21.7,,,,,Partially cloudy,Partly cloudy throughout the day.,partly-cloudy-day,"647,809,999,906,479,000,000,000,000,000,000,000,000,000,000,000,000,000"
795,Belgium,Heusden-Zolder,6/5/1977,\N,16.5,10.5,12.8,16.5,10.5,12.8,10.4,86.6,0.0,0.0,0.0,,,0.0,,29.0,247.1,1007.6,94.3,4.3,,,,,Overcast,Cloudy skies throughout the day.,cloudy,"647,809,999,906,479,000,000,000,000,000,000,000,000,000,000,000,000,000"
796,Belgium,Heusden-Zolder,5/21/1978,\N,12.9,8.6,10.3,12.9,7.6,9.9,6.6,78.2,0.0,0.0,0.0,,,0.0,,11.2,314.0,1014.2,92.0,4.8,,,,,Overcast,Cloudy skies throughout the day.,cloudy,"647,809,999,906,479,000,000,000,000,000,000,000,000,000,000,000,000,000"
797,Belgium,Heusden-Zolder,5/13/1979,\N,20.4,7.2,14.0,20.4,7.2,14.0,10.1,79.6,0.0,0.0,0.0,,,,,9.2,359.0,1032.7,69.6,6.0,,,,,Partially cloudy,Partly cloudy throughout the day.,partly-cloudy-day,"647,809,999,906,479,000,000,000,000,000,000,000,000,000,000,000,000,000"
798,Belgium,Heusden-Zolder,5/4/1980,\N,12.6,3.1,8.2,12.6,0.0,6.4,0.8,64.2,6.111,100.0,4.17,rain,,0.0,,23.7,53.0,1011.2,45.8,17.2,,,,,"Rain, Partially cloudy",Partly cloudy throughout the day with early morning rain.,rain,"647,809,999,906,479,000,000,000,000,000,000,000,000,000,000,000,000,000"
799,Belgium,Heusden-Zolder,5/17/1981,\N,16.2,6.8,11.4,16.2,5.0,10.8,6.6,74.4,0.219,100.0,4.17,rain,,,,24.2,196.7,1013.8,61.1,21.0,,,,,"Rain, Partially cloudy",Partly cloudy throughout the day with afternoon rain.,rain,"647,809,999,906,479,000,000,000,000,000,000,000,000,000,000,000,000,000"
800,Belgium,Heusden-Zolder,5/9/1982,\N,14.5,3.5,9.5,14.5,1.7,8.7,2.8,66.2,0.009,100.0,4.17,rain,,,,18.4,30.3,1017.8,51.1,12.9,,,,,"Rain, Partially cloudy",Partly cloudy throughout the day with morning rain.,rain,"647,809,999,906,479,000,000,000,000,000,000,000,000,000,000,000,000,000"
801,Belgium,Heusden-Zolder,4/29/1984,\N,14.4,1.5,7.8,14.4,-1.8,6.0,-2.3,52.0,0.0,0.0,0.0,,,,,27.5,91.3,1022.8,0.2,21.1,,,,,Clear,Clear conditions throughout the day.,clear-day,"647,809,999,906,479,000,000,000,000,000,000,000,000,000,000,000,000,000"
802,France,Dijon,7/7/1974,\N,23.1,12.1,18.4,23.1,12.1,18.4,7.9,52.7,0.0,0.0,0.0,,,0.0,,18.4,352.8,1023.3,23.9,15.5,,,,,Partially cloudy,Partly cloudy throughout the day.,partly-cloudy-day,"7,283,099,999,072,800,000,000,000,000,000,000,000,000,000"
803,France,Dijon,7/3/1977,\N,29.0,15.1,22.1,29.5,15.1,22.3,16.4,72.4,0.0,0.0,0.0,,,0.0,,14.5,12.4,1016.4,36.5,10.5,,,,,Partially cloudy,Partly cloudy throughout the day.,partly-cloudy-day,"72,830,999,990,728,000,000,000,000,000,000"
804,France,Dijon,7/1/1979,\N,18.1,13.0,15.2,18.1,13.0,15.2,7.9,62.8,0.0,0.0,0.0,,,0.0,,25.6,7.0,1021.9,88.0,12.5,,,,,Partially cloudy,Partly cloudy throughout the day.,partly-cloudy-day,"7,283,099,999,072,800,000,000,000,000,000,000,000,000,000"
805,France,Dijon,7/5/1981,\N,25.0,14.0,18.9,25.0,14.0,18.9,15.1,80.6,0.0,0.0,0.0,,,0.0,,14.8,199.0,1021.8,68.9,12.7,,,,,Partially cloudy,Partly cloudy throughout the day.,partly-cloudy-day,"7,283,099,999,072,800,000,000,000,000,000,000,000,000,000"
806,France,Dijon,8/29/1982,\N,24.1,12.0,18.2,24.1,12.0,18.2,9.5,58.3,0.0,0.0,0.0,,,,,16.6,28.6,1022.3,10.7,12.1,,,,,Clear,Clear conditions throughout the day.,clear-day,"7,283,099,999,072,800,000,000,000,000,000,000,000,000,000"
807,France,Dijon,5/20/1984,\N,16.1,3.9,11.6,16.1,3.9,11.5,7.1,75.6,0.001,100.0,4.17,rain,,,,16.5,184.7,1000.8,67.5,14.8,,,,,"Rain, Partially cloudy",Partly cloudy throughout the day with early morning rain.,rain,"7,283,099,999,072,800,000,000,000,000,000,000,000,000,000"
808,USA,Dallas,7/8/1984,\N,37.2,25.6,31.4,39.2,25.6,32.4,18.4,48.1,0.0,0.0,0.0,,,,,24.2,164.7,1014.5,19.6,25.7,,,,,Clear,Clear conditions throughout the day.,clear-day,"722,590,039,277,225,000,000,000,000,000,000"
809,USA,California,3/28/1976,\N,21.4,7.4,13.4,21.4,5.5,12.9,4.4,57.6,0.0,0.0,0.0,,,,,19.5,251.1,1014.2,51.9,46.3,,,,,Partially cloudy,Partly cloudy throughout the day.,partly-cloudy-day,"745,160,232,027,248,000,000,000,000,000,000"
810,USA,California,4/3/1977,\N,25.0,8.0,16.2,25.0,5.5,15.7,1.0,38.6,0.0,0.0,0.0,,,,,23.7,315.7,1018.7,24.1,60.1,,,,,Partially cloudy,Partly cloudy throughout the day.,partly-cloudy-day,"745,160,232,027,248,000,000,000,000,000,000"
811,USA,California,4/2/1978,\N,17.6,4.6,11.6,17.6,4.6,11.4,6.6,73.0,0.0,0.0,0.0,,,,,17.9,211.3,1015.9,63.2,57.2,,,,,Partially cloudy,Partly cloudy throughout the day.,partly-cloudy-day,"745,160,232,027,248,000,000,000,000,000,000"
812,USA,California,4/8/1979,\N,20.0,7.9,13.2,20.0,5.9,12.8,7.9,71.4,0.0,0.0,0.0,,,,,25.7,187.9,1017.3,52.3,24.6,,,,,Partially cloudy,Partly cloudy throughout the day.,partly-cloudy-day,"745,160,232,027,248,000,000,000,000,000,000"
813,USA,California,3/30/1980,\N,19.0,8.1,13.4,19.0,5.0,13.0,-0.4,43.9,0.0,0.0,0.0,,,,,48.6,324.3,1017.7,13.0,40.8,,,,,Clear,Clear conditions throughout the day.,wind,"745,160,232,027,248,000,000,000,000,000,000"
814,USA,California,3/15/1981,\N,10.3,7.9,9.2,10.3,5.8,7.8,7.1,86.8,18.949,100.0,58.33,rain,,,,14.6,134.2,1021.5,94.5,8.0,,,,,"Rain, Overcast",Cloudy skies throughout the day with rain.,rain,"745,160,232,027,248,000,000,000,000,000,000"
815,USA,California,4/4/1982,\N,14.2,6.5,10.0,14.2,4.9,9.3,3.7,67.9,0.033,100.0,4.17,rain,,,,14.5,194.3,1022.0,40.7,57.7,,,,,"Rain, Partially cloudy",Partly cloudy throughout the day with early morning rain.,rain,"7,451,602,320,272,480,000,000,000,000,000,000,000,000,000,000,000,000,000"
816,USA,California,3/27/1983,\N,14.5,9.3,11.3,14.5,5.8,10.0,8.1,81.3,2.826,100.0,25.0,rain,,,,30.2,157.5,1018.8,97.3,26.7,,,,,"Rain, Overcast",Cloudy skies throughout the day with rain.,rain,"7,451,602,320,272,480,000,000,000,000,000,000,000,000,000,000,000,000,000"
817,USA,Nevada,10/17/1981,\N,20.7,-2.8,7.9,20.7,-2.8,7.8,-1.0,60.0,0.0,0.0,0.0,,,,,18.7,120.5,1027.9,0.0,40.2,,,,,Clear,Clear conditions throughout the day.,clear-day,72488023185
818,USA,Nevada,9/25/1982,\N,16.7,12.2,14.6,16.7,12.2,14.6,14.0,96.9,6.0,100.0,37.5,rain,,,,20.5,337.3,1012.0,99.6,13.5,,,,,"Rain, Overcast",Cloudy skies throughout the day with rain.,rain,72488023185
819,Spain,Madrid,4/19/1970,\N,17.2,9.4,13.7,17.2,5.9,13.6,0.9,43.3,,0.0,0.0,,,,,29.5,321.2,,55.4,11.0,,,,,Partially cloudy,Partly cloudy throughout the day.,partly-cloudy-day,8227099999
820,Spain,Madrid,5/1/1972,\N,12.1,5.1,9.2,12.1,4.0,7.4,4.5,74.3,,0.0,0.0,,,,,29.5,202.5,,61.7,10.0,,,,,Partially cloudy,Partly cloudy throughout the day.,partly-cloudy-day,8227099999
821,Spain,Madrid,4/28/1974,\N,12.9,7.3,9.8,12.9,3.8,9.0,5.8,77.4,1.577,100.0,8.33,rain,,,,21.5,239.8,999.3,80.9,9.4,,,,,"Rain, Partially cloudy",Partly cloudy throughout the day with rain.,rain,"822,109,999,908,227,000,000,000,000,000,000,000,000,000,000,000,000,000,000,000,000,000,000,000,000,000,000,000,000"
822,Spain,Madrid,5/2/1976,\N,20.3,3.1,12.3,20.3,3.1,12.1,2.6,54.7,0.0,0.0,0.0,,,,,20.3,55.1,1016.1,14.3,10.6,,,,,Clear,Clear conditions throughout the day.,clear-day,"8,221,099,999,082,270,000,000,000,000,000,000,000,000,000,000,000,000,000,000,000,000,000,000,000,000"
823,Spain,Madrid,5/8/1977,\N,23.0,7.1,15.2,23.0,7.1,15.2,6.4,58.7,0.0,0.0,0.0,,,,,25.6,182.0,1015.5,32.5,11.3,,,,,Partially cloudy,Partly cloudy throughout the day.,partly-cloudy-day,"822,109,999,908,227,000,000,000,000,000,000,000,000,000,000,000,000,000,000,000,000,000,000,000,000,000,000,000,000"
824,Spain,Madrid,6/4/1978,\N,26.8,13.8,20.2,27.1,13.8,20.2,12.5,62.7,0.0,0.0,0.0,,,,,18.1,196.7,1014.6,49.5,10.9,,,,,Partially cloudy,Partly cloudy throughout the day.,partly-cloudy-day,"822,109,999,908,227,000,000"
825,Spain,Madrid,4/29/1979,\N,15.9,3.1,10.3,15.9,1.2,10.0,2.4,60.4,0.0,0.0,0.0,,,,,27.4,10.8,1017.6,41.0,11.4,,,,,Partially cloudy,Partly cloudy throughout the day.,partly-cloudy-day,"8,221,099,999,082,270,000,000,000,000,000,000,000,000,000,000,000,000,000,000,000,000,000,000,000,000"
826,Spain,Madrid,6/21/1981,\N,32.3,15.0,24.2,31.2,15.0,23.9,10.7,44.3,0.0,0.0,0.0,,,,,12.8,30.1,1011.3,39.9,11.3,,,,,Partially cloudy,Partly cloudy throughout the day.,partly-cloudy-day,"822,109,999,908,227,000,000,000,000,000,000,000,000,000,000,000,000,000,000,000,000,000,000,000,000,000,000,000,000"
827,USA,New York State,10/4/1970,\N,13.4,3.9,8.7,13.4,2.9,8.3,3.4,71.3,,0.0,0.0,,,,,24.1,263.5,1014.5,65.8,40.3,,,,,Partially cloudy,Partly cloudy throughout the day.,partly-cloudy-day,99999914735
828,USA,New York State,10/3/1971,\N,16.7,13.4,14.9,16.7,13.4,14.9,12.1,83.7,,0.0,0.0,,,,,22.3,17.5,1017.6,89.2,19.0,,,,,Partially cloudy,Partly cloudy throughout the day.,partly-cloudy-day,99999914735
829,USA,New York State,10/8/1972,\N,16.7,7.9,11.1,16.7,4.3,9.4,4.3,64.6,,0.0,0.0,,,,,33.5,284.4,996.8,61.7,34.1,,,,,Partially cloudy,Partly cloudy throughout the day.,partly-cloudy-day,99999914735
830,USA,New York State,10/7/1973,\N,17.7,2.7,8.4,17.7,0.6,7.5,3.3,75.3,0.0,0.0,0.0,,,,,10.8,40.9,1024.6,71.7,53.0,,,,,Partially cloudy,Partly cloudy throughout the day.,partly-cloudy-day,72518014735
831,USA,New York State,10/6/1974,\N,25.7,7.2,15.7,25.7,5.1,15.4,9.2,68.3,0.0,0.0,0.0,,,,,22.0,178.1,1023.6,18.8,31.3,,,,,Clear,Clear conditions throughout the day.,clear-day,72518014735
832,USA,New York State,10/5/1975,\N,19.3,1.1,11.2,19.3,1.1,10.8,4.8,67.3,0.0,0.0,0.0,,,,,27.6,184.4,1028.8,62.4,32.1,,,,,Partially cloudy,Partly cloudy throughout the day.,partly-cloudy-day,"725,180,147,357,449,000,000,000,000,000,000"
833,USA,New York State,10/10/1976,\N,12.9,5.1,7.5,12.9,0.7,4.9,1.1,65.3,8.1,100.0,4.17,rain,,,,44.3,289.0,1009.1,90.0,39.7,,,,,"Rain, Partially cloudy",Partly cloudy throughout the day with morning rain.,rain,72518014735
834,USA,New York State,10/2/1977,\N,17.2,9.4,13.7,17.2,7.4,13.6,11.5,86.4,1.1,100.0,8.33,rain,,,,25.9,293.9,1005.4,95.0,23.7,,,,,"Rain, Overcast",Cloudy skies throughout the day with late afternoon rain.,rain,72518014735
835,USA,New York State,10/1/1978,\N,20.6,10.0,15.3,20.6,10.0,15.3,10.9,76.2,0.3,100.0,4.17,rain,,,,25.7,174.9,1017.6,97.0,19.4,,,,,"Rain, Overcast",Cloudy skies throughout the day with afternoon rain.,rain,"7,251,801,473,572,510,000,000"
836,USA,New York State,10/7/1979,\N,16.2,10.1,12.9,16.2,10.1,12.9,4.7,57.9,0.0,0.0,0.0,,,,,23.8,220.2,1000.5,86.7,42.7,,,,,Partially cloudy,Partly cloudy throughout the day.,partly-cloudy-day,72518014735
837,USA,New York State,10/5/1980,\N,15.7,3.4,9.6,15.7,3.4,9.4,3.1,65.5,0.0,0.0,0.0,,,,,16.6,303.3,1022.3,59.1,37.2,,,,,Partially cloudy,Clearing in the afternoon.,partly-cloudy-day,72518014735
838,Sweden,Anderstorp,6/17/1973,\N,19.4,-0.3,12.1,19.4,-0.3,12.1,2.8,58.2,,0.0,0.0,,,,,11.0,39.6,1018.9,8.8,54.5,,,,,Clear,Clear conditions throughout the day.,clear-day,"252,409,999,902,085,000,000,000,000,000,000,000,000,000,000,000,000,000"
839,Sweden,Anderstorp,6/9/1974,\N,14.1,5.1,9.7,14.1,2.2,9.0,5.1,75.3,,0.0,0.0,,,,,14.8,155.5,1002.8,52.3,16.3,,,,,Partially cloudy,Partly cloudy throughout the day.,partly-cloudy-day,"252,409,999,902,085,000,000,000,000,000,000,000,000,000,000,000,000,000"
840,Sweden,Anderstorp,6/8/1975,\N,22.7,4.1,14.8,22.7,4.1,14.8,8.2,68.5,,0.0,0.0,,,,,23.8,46.2,1026.3,5.9,12.1,,,,,Clear,Clear conditions throughout the day.,clear-day,"252,409,999,902,085,000,000,000,000,000,000,000,000,000,000,000,000,000"
841,Sweden,Anderstorp,6/13/1976,\N,17.1,10.9,13.4,17.1,10.9,13.4,10.3,82.3,,0.0,0.0,,,0.0,,20.7,260.9,1009.3,80.2,10.4,,,,,Partially cloudy,Partly cloudy throughout the day.,partly-cloudy-day,"252,409,999,902,085,000,000,000,000,000,000,000,000,000,000,000,000,000"
842,Sweden,Anderstorp,6/19/1977,\N,24.1,10.8,19.2,24.1,10.8,19.2,11.2,63.1,,0.0,0.0,,,0.0,,16.6,284.5,1006.4,34.6,16.1,,,,,Partially cloudy,Partly cloudy throughout the day.,partly-cloudy-day,"252,409,999,902,085,000,000,000,000,000,000,000,000,000,000,000,000,000"
843,Sweden,Anderstorp,6/17/1978,\N,15.5,4.1,10.0,15.5,1.8,8.7,0.5,54.3,0.0,0.0,0.0,,,0.0,,33.1,20.0,1016.6,8.7,24.2,,,,,Clear,Clear conditions throughout the day.,clear-day,"255,009,999,902,556,000,000,000,000,000,000,000,000,000,000,000,000,000"
844,Canada,Ontario,9/19/1971,\N,20.7,10.1,14.8,20.7,10.1,14.8,12.4,85.6,0.8,100.0,8.33,rain,,,,22.3,118.9,1019.5,75.8,14.0,,,,,"Rain, Partially cloudy",Partly cloudy throughout the day with rain.,rain,72528704724
845,Canada,Ontario,9/24/1972,\N,22.9,15.1,19.1,22.9,15.1,19.1,16.6,85.7,26.0,100.0,12.5,rain,,,,22.3,183.2,1018.5,100.0,11.0,,,,,"Rain, Overcast",Cloudy skies throughout the day with a chance of rain throughout the day.,rain,72528704724
846,Canada,Ontario,9/23/1973,\N,17.6,12.6,15.2,17.6,12.6,15.2,11.9,81.2,4.5,100.0,8.33,rain,,,,22.0,332.5,1017.5,65.0,17.4,,,,,"Rain, Partially cloudy",Partly cloudy throughout the day with rain.,rain,"726,245,999,997,252,000,000,000,000,000,000"
